country,area_rank,area_total_km2,area_water_pct,codes_calling_code,codes_internet_tld,codes_iso_3166_code,population_density_per_km2,population_total,population_year,time_timezone_dst,time_timezone_utc,currency_code,gdp_ppp_per_capita_usd,gdp_ppp_total_billion_usd,gdp_ppp_year,gdp_nominal_per_capita_usd,gdp_nominal_total_billion_usd,gdp_nominal_year,hdi_category,hdi_rank,hdi_value,hdi_year,gini_category,gini_value,gini_year,general_capital,general_demonym,general_largest_city,general_official_language,top_religion,government_type,legislature
Afghanistan,40.0,652864.0,0.0,,.af,AF,64.0,42500000,2024,,UTC+04:30,AFN,2174,91.668,2023,411.0,17.329,2023.0,low,181.0,0.496,2023.0,,,,Kabul,Afghan,Kabul,Pashto Dari,other,Unitary totalitarian theocratic Islamic emirate,None
Albania,140.0,28748.0,4.7,+355,.al,AL,83.6,2402113,2023,UTC+02:00,UTC+01:00,ALL,24840,66.29,2026,12150.0,32.41,2026.0,very high,71.0,0.81,2023.0,low,29.4,2021.0,Tirana,Albanian,Tirana,Albanian,Undeclared,Unitary parliamentary republic,Kuvendi
Algeria,10.0,2381741.0,0.0,+213,.dz,DZ,19.0,47400000,2025,,UTC+01:00,DZD,18530,875.33,2025,5690.0,268.89,2025.0,high,96.0,0.763,2023.0,low,27.6,2011.0,Algiers,Algerian,Algiers,Arabic Berber,Sunni Islam ( official ) <,Unitary semi-presidential republic,Parliament
Andorra,178.0,467.63,0.26,+376,.ad,AD,187.1,89058,2025,UTC+02:00,UTC+01:00,EUR,69146,6.001,2024,44900.0,3.897,2024.0,very high,32.0,0.913,2023.0,medium,40.0,2023.0,Andorra la Vella,Andorran,Andorra la Vella,Catalan 44.1%,no religion,Unitary parliamentary constitutional co-principality,General Council
Angola,22.0,1246700.0,0.0,+244,.ao,AO,29.4,36604681,2024,,UTC+01:00,AOA,10230,402.16,2025,2880.0,113.34,2025.0,medium,148.0,0.616,2023.0,high,51.3,2018.0,Luanda,Angolan,Luanda,Portuguese,no religion,Unitary presidential republic,National Assembly
Antigua and Barbuda,182.0,440.0,0.0,+1,.ag,AG,186.0,106365,2026,,UTC-04:00,XCD,31781,3.3,2025,22630.0,2.37,2025.0,very high,53.0,0.851,2023.0,,,,St. John's,Antiguan and Barbudan,St. John's,English,,Unitary parliamentary constitutional monarchy,Parliament
Argentina,8.0,2780085.0,1.57,+54,.ar,AR,16.8,46735004,2025,,UTC-03:00,ARS,31379,1493.0,2025,14362.0,683.533,2025.0,very high,47.0,0.865,2023.0,medium,40.7,2022.0,Buenos Aires,Argentine Argentinian Argentinean,Buenos Aires,Spanish,no religion,Federal presidential republic,National Congress
Armenia,138.0,29743.0,4.71,+374,.am,AM,103.6,3081100,2025,,UTC+04:00,AMD,23954,74.407,2025,8969.0,27.859,2025.0,very high,69.0,0.811,2023.0,low,27.9,2022.0,Yerevan,Armenian,Yerevan,Armenian,unspecified,Unitary parliamentary republic,National Assembly
Australia,6.0,7688287.0,1.79,+61,.au,AU,3.7,27840775,2026,UTC+10:00,UTC+08:00,AUD,71431,1982.0,2025,65946.0,1830.0,2025.0,very high,7.0,0.958,2023.0,medium,32.4,2020.0,Canberra,Australian Aussie (colloquial),Sydney (metropolitan) Melbourne (urban),English,Christianity,Federal parliamentary constitutional monarchy,Parliament
Austria,113.0,83879.0,0.84,+43,.at,AT,107.6,9110079,2024,UTC+02:00,UTC+01:00,EUR,74370,682.86,2025,58190.0,534.3,2025.0,very high,22.0,0.93,2023.0,low,28.1,2023.0,Vienna,Austrian,Vienna,German,no religion,Federal semi-presidential republic,Parliament
Azerbaijan,112.0,86600.0,1.6,+994,.az,AZ,117.0,10353296,2022,,UTC+04:00,AZN,26235,272.0,2024,7604.0,79.0,2024.0,high,81.0,0.789,2023.0,medium,33.7,2008.0,Baku,Azerbaijani Azeri,Baku,Azerbaijani,Islam,Unitary semi-presidential republic under an authoritarian hereditary dictatorship,National Assembly
"Bahamas, The",155.0,13943.0,28.0,+1,.bs,BS,25.21,412628,2023,UTC-04:00,UTC-05:00,BSD,46524,18.989,2024,35257.0,14.39,2024.0,very high,66.0,0.82,2023.0,,,,Nassau,Bahamian,Nassau,English,no religion,Unitary parliamentary constitutional monarchy,Parliament
Bahrain,173.0,786.8,0.0,+973,.bh,BH,1864.0,1463265,2021,,UTC+03:00,BHD,71460,118.06,2026,29780.0,49.19,2026.0,very high,38.0,0.899,2023.0,,,,Manama,Bahraini,Manama,Arabic,Islam ( official ),Unitary semi-constitutional monarchy under an authoritarian government,National Assembly
Bangladesh,93.0,148460.0,6.4,+880,.bd,BD,1165.0,173562364,2024,,UTC+06:00,BDT,10850,1900.0,2026,2960.0,519.29,2026.0,medium,130.0,0.685,2023.0,medium,33.4,2025.0,Dhaka,Bangladeshi,Dhaka,Bengali,Islam ( official ),Unitary parliamentary republic,Jatiya Sangsad
Barbados,183.0,439.0,0.0,+1,.bb,BB,660.0,281998,2023,,UTC-04:00,BBD,18738,5.436,2023,21442.0,6.22,2023.0,very high,69.0,0.811,2023.0,medium,34.1,2016.0,Bridgetown,Barbadian Bajan,Bridgetown,English,Christianity,Unitary parliamentary republic,Parliament
Belarus,84.0,207600.0,2.26,+375,.by,BY,43.9,9109280,2025,,UTC+03:00,BYN,24016,221.186,2023,7477.0,68.864,2023.0,very high,65.0,0.824,2023.0,low,25.3,2019.0,Minsk,Belarusian,Minsk,Belarusian Russian a,no religion,Unitary semi-presidential republic under an authoritarian dictatorship,National Assembly
Belgium,136.0,30689.0,0.64,+32,.be,BE,385.0,11825551,2025,UTC+02:00,UTC+01:00,EUR,75187,889.833,2025,58248.0,689.364,2025.0,very high,10.0,0.951,2023.0,low,24.9,2022.0,City of Brussels,Belgian,Brussels-Capital Region,Dutch French German,no religion,Federal parliamentary constitutional monarchy,Federal Parliament
Belize,147.0,22966.0,0.8,+501,.bz,BZ,17.31,397483,2022,,UTC-06:00,BZD,15363,6.414,2025,8355.0,3.488,2025.0,high,115.0,0.721,2023.0,high,53.1,2013.0,Belmopan,Belizean,Belize City,English,Christianity,Unitary parliamentary constitutional monarchy,National Assembly
Benin,100.0,114763.0,0.4,+229,.bj,BJ,94.8,13754688,2022,,UTC+01:00,XOF,4980,76.51,2026,1790.0,27.45,2026.0,low,173.0,0.515,2023.0,medium,34.4,2021.0,Porto-Novo,Beninese Beninoise,Cotonou,French,Christianity,Unitary presidential republic,National Assembly
Bhutan,133.0,38394.0,1.1,+975,.bt,BT,20.5,727145,2022,,UTC+06:00,BTN,19255,15.415,2026,4710.0,3.771,2026.0,medium,125.0,0.698,2023.0,low,28.5,2022.0,Thimphu,Bhutanese,Thimphu,Dzongkha,Buddhism,Unitary parliamentary semi-constitutional monarchy,Parliament
Bolivia,27.0,1098581.0,1.29,+591,.bo,BO,10.4,11365333,2024,,UTC-04:00,BOB,11574,144.098,2025,4525.0,56.339,2025.0,high,108.0,0.733,2023.0,medium,40.9,2021.0,Sucre,Bolivian,Santa Cruz,Spanish Quechua Aymara Guarani Other indigenous languages,no religion,Unitary presidential republic,Plurinational Legislative Assembly
Bosnia and Herzegovina,125.0,51209.0,1.4,+387,.ba,BA,61.0,2904256,2023,UTC+02:00,UTC+01:00,BAM,23930,82.23,2026,10546.0,36.24,2026.0,very high,74.0,0.804,2023.0,low,27.1,2022.0,Sarajevo,Bosnian Herzegovinian,Sarajevo,None,Islam,Federal parliamentary directorial republic,Parliamentary Assembly
Botswana,47.0,581730.0,2.7,+267,.bw,BW,4.1,2359609,2022,,UTC+02:00,BWP,19540,54.82,2026,7380.0,20.71,2026.0,high,111.0,0.731,2023.0,medium,45.5,2016.0,Gaborone,Batswana (plural) Motswana (singular),Gaborone,English,no religion,Unitary parliamentary republic with an executive presidency,Parliament ( National Assembly )
Brazil,5.0,8515767.0,0.65,+55,.br,BR,23.8,213421037,2025,,UTC-02:00,BRL,24108,5161.0,2026,10709.0,2292.0,2026.0,high,84.0,0.786,2023.0,high,51.6,2023.0,Brasília,Brazilian,São Paulo,Portuguese,no religion,Federal presidential republic,National Congress
Brunei,164.0,5765.0,8.6,+673,.bn,BN,72.11,466227,2025,,UTC+08:00,BND,95760,43.83,2025,34970.0,16.01,2025.0,very high,60.0,0.837,2023.0,,,,Bandar Seri Begawan,Bruneian,Bandar Seri Begawan,Malay,Sunni Islam ( official ),Unitary Islamic absolute monarchy,Legislative Council
Bulgaria,103.0,110993.6,2.16,+359,.bg,BG,58.0,6437360,2024,UTC+03:00,UTC+02:00,EUR,41901,264.699,2025,18522.0,117.007,2025.0,very high,55.0,0.845,2023.0,medium,37.2,2023.0,Sofia,Bulgarian,Sofia,Bulgarian,no religion,Unitary parliamentary republic,National Assembly
Burkina Faso,74.0,274223.0,0.148,+226,.bf,BF,86.0,22489126,2023,,UTC+00:00,XOF,2980,72.82,2025,1110.0,27.06,2025.0,low,186.0,0.459,2023.0,medium,37.4,2021.0,Ouagadougou,Burkinabé,Ouagadougou,"Mooré , Dyula and Fula , alongside any other languages so recognized by law",Islam,Unitary semi-presidential republic under a military junta,National Assembly
Burundi,142.0,27834.0,10.0,+257,.bi,BI,565.0,14151540,2024,,UTC+02:00,BIF,1020,13.98,2025,489.0,6.75,2025.0,low,187.0,0.439,2023.0,medium,37.5,2020.0,Gitega,Burundian,Bujumbura,Kirundi French English,traditional faiths,Unitary dominant-party presidential republic under an authoritarian dictatorship,Parliament
Cambodia,88.0,181035.0,2.5,+855,.kh,KH,94.4,17638801,2024,,UTC+07:00,Riel (៛) ( KHR ; de jure and de facto ) United States dollar ($) ( USD ; de facto ),8650,150.05,2025,2870.0,49.8,2025.0,medium,151.0,0.606,2023.0,low,23.6,2024.0,Phnom Penh,Cambodian,Phnom Penh,Khmer,Buddhism ( official ),Unitary parliamentary constitutional elective monarchy under a hereditary dictatorship,Parliament
Cameroon,53.0,475442.0,0.57,+237,.cm,CM,39.7,30987821,2025,,UTC+01:00,XAF,5960,183.32,2026,2200.0,67.52,2026.0,medium,155.0,0.588,2023.0,medium,42.2,2021.0,Yaoundé,Cameroonian,Douala,French • English,Christianity,Unitary presidential republic under a dictatorship,Parliament
Canada,2.0,9984670.0,11.76,+1,.ca,CA,4.2,41575585,2025,UTC-02:00,UTC-03:00,CAD,65500,2723.0,2025,54935.0,2284.0,2025.0,very high,16.0,0.939,2023.0,low,29.2,2024.0,Ottawa,Canadian,Toronto,English French,,Federal parliamentary constitutional monarchy,Parliament
Cape Verde,166.0,4033.0,0.0,+238,.cv,CV,130.0,491233,2021,,UTC-01:00,CVE,9909,5.717,2023,4502.0,2.598,2023.0,medium,135.0,0.668,2023.0,medium,42.4,2015.0,Praia,Cape Verdean or Cabo Verdean,Praia,Portuguese,no religion,Unitary semi-presidential republic,National Assembly
Central African Republic,44.0,622984.0,0.0,+236,.cf,CF,8.6,5650957,2024,,UTC+01:00,XAF,1390,7.94,2026,650.0,3.71,2026.0,low,191.0,0.414,2023.0,medium,43.0,2021.0,Bangui,Central African,Bangui,French Sango (co-official),Christianity,Unitary presidential republic,National Assembly
Chad,20.0,1280000.0,1.9,+235,.td,TD,14.4,19093595,2024,,UTC+01:00,XAF,3240,63.07,2026,1210.0,23.56,2026.0,low,190.0,0.416,2023.0,medium,37.4,2022.0,N'Djamena,Chadian,N'Djamena,Arabic French,Islam,Unitary semi-presidential republic under a hereditary dictatorship,Bicameral parliament
Chile,37.0,756101.96,2.1,+56,.cl,CL,24.0,19629588,2023,UTC-03:00,UTC-03:00,CLP,35290,713.03,2025,17180.0,347.17,2025.0,very high,45.0,0.878,2023.0,medium,44.8,2022.0,Santiago,Chilean,Santiago,Spanish,no religion,Unitary presidential republic,National Congress
China,,9596961.0,2.8,+86,.cn,CN,146.0,1404890000,2025,,UTC+08:00,CNY,29191,41016.0,2025,13806.0,19399.0,2025.0,high,78.0,0.797,2023.0,medium,36.0,2022.0,Beijing,Chinese,Beijing,Standard Chinese (de facto),,Unitary communist state,National People's Congress
Colombia,25.0,1141748.0,2.1,+57,.co,CO,46.15,52695952,2024,,UTC-05:00,COP,19770,1042.0,2024,7327.0,386.076,2024.0,high,83.0,0.788,2023.0,high,53.9,2023.0,Bogotá,Colombian,Bogotá,Spanish,Catholicism,Unitary presidential republic,Congress
Comoros,170.0,2235.0,0.0,+269,.km,KM,457.0,883075,2024,,UTC+03:00,KMF,3463,3.432,2023,1377.0,1.364,2023.0,medium,152.0,0.603,2023.0,medium,45.3,2014.0,Moroni,Comorian Comorese,Moroni,Comorian French Arabic,,Federal presidential republic,Assembly of the Union
"Congo, Democratic Republic of the",11.0,2345409.0,3.32,+243,.cd,CD,48.0,124388160,2025,,UTC+01:00,CDF,1881,200.76,2025,742.0,79.12,2025.0,low,171.0,0.522,2023.0,medium,42.1,2012.0,Kinshasa,Congolese,Kinshasa,French,Christianity,Unitary semi-presidential republic,Parliament
"Congo, Republic of the",64.0,342000.0,3.3,+242,.cg,CG,19.0,6142180,2023,,UTC+01:00,XAF,6590,42.76,2025,2360.0,15.281,2025.0,medium,138.0,0.649,2023.0,medium,40.2,2011.0,Brazzaville,Congolese Congo,Brazzaville,French,Christianity,Unitary semi-presidential republic under a dictatorship,Parliament
Costa Rica,126.0,51179.92,1.05,+506,.cr,CR,220.0,5160700,2026,,UTC-06:00,CRC,31462,169.034,2025,19095.0,102.591,2025.0,very high,62.0,0.833,2023.0,high,47.2,2022.0,San José,Costa Rican Tico(a),San José,Spanish,no religion,Unitary presidential republic,Legislative Assembly
Croatia,124.0,56561.0,1.09,+385,.hr,HR,68.4,3866233,2024,UTC+02:00,UTC+01:00,EUR,53840,207.4,2026,29370.0,113.13,2026.0,very high,41.0,0.889,2023.0,medium,30.0,2026.0,Zagreb,Croatian,Zagreb,Croatian,no religion,Unitary parliamentary republic,Sabor
Cuba,104.0,110860.0,0.94,+53,.cu,CU,89.8,9748007,2024,UTC-04:00,UTC-05:00,CUP,22237,254.865,2015,22957.0,252.063,2024.0,high,97.0,0.762,2023.0,medium,38.0,2000.0,Havana,Cuban,Havana,Spanish,Christianity,Communist state,National Assembly of People's Power
Cyprus,162.0,9251.0,0.11,+357,.cy,CY,123.4,923272,2021,UTC+03:00,UTC+02:00,EUR,65304,61.501,2025,42413.0,39.943,2025.0,very high,32.0,0.913,2023.0,low,29.4,2022.0,Nicosia,Cypriot,Nicosia,Greek Turkish,Christianity,Unitary presidential republic,House of Representatives
Czech Republic,115.0,78871.0,2.16,+420,.cz,CZ,133.0,10900555,2024,UTC+02:00,UTC+01:00,CZK,56686,619.881,2024,31365.0,342.992,2024.0,very high,29.0,0.915,2023.0,low,24.4,2023.0,Prague,Czech,Prague,Czech,no religion,Unitary parliamentary republic,Parliament
Denmark,12.0,42926.0,0.0,+45,.dk,DK,,6049579,2023,UTC+02:00,UTC+01:00,DKK,62814,380.0,2022,69205.0,418.659,2019.0,very high,,0.948,2021.0,,,,Copenhagen,Danish ; locally: Greenlander Faroe Islander,Copenhagen,Danish ; locally: Faroese Greenlandic,,Unitary parliamentary constitutional monarchy,"Folketing , with some authority devolved to Løgting ( Faroe Islands ) and Inatsisartut ( Greenland )"
Djibouti,146.0,23200.0,0.09,+253,.dj,DJ,46.0,1066809,2024,,UTC+03:00,DJF,6985,7.193,2023,3761.0,3.873,2023.0,low,175.0,0.513,2023.0,medium,41.6,2017.0,Djibouti City,Djiboutian,Djibouti City,Arabic French,Islam ( official ),Unitary dominant-party presidential republic under a hereditary dictatorship,National Assembly
Dominica,174.0,750.0,1.6,+1,.dm,DM,105.0,72412,2021,,UTC-04:00,XCD,9726,0.688,2018,7860.0,0.485,2018.0,high,98.0,0.761,2023.0,,,,Roseau,Dominican (pronounced / ˌ d ɒ m ɪ ˈ n iː k ə n / ),Roseau,English,Christianity,Unitary parliamentary republic,House of Assembly
Dominican Republic,128.0,48671.0,0.7,+1,.do,DO,220.0,11532151,2025,,UTC-04:00,DOP,30710,334.292,2025,12452.0,135.545,2025.0,high,89.0,0.776,2023.0,medium,39.0,2024.0,Santo Domingo,Dominican Quisqueyan (colloquial),Santo Domingo,Spanish,no religion,Unitary presidential republic,Congress
Ecuador,73.0,283561.0,0.0,+593,.ec,EC,69.0,17483326,2023,,UTC-05:00,USD,16180,304.23,2025,7210.0,130.53,2025.0,high,88.0,0.777,2023.0,medium,45.2,2024.0,Quito,Ecuadorian,Guayaquil,Spanish,no religion,Unitary presidential republic,National Assembly
Egypt,29.0,1010408.0,0.632,+20,.eg,EG,106.8,107868296,2025,UTC+03:00,UTC+02:00,EGP,21668,2372.0,2025,3174.0,347.342,2025.0,high,100.0,0.754,2023.0,low,28.5,2021.0,Cairo,Egyptian,Cairo,Arabic,,Unitary semi-presidential republic under an authoritarian government,Parliament
El Salvador,149.0,21041.0,1.5,+503,.sv,SV,286.6,6029976,2024,,UTC-06:00,"United States dollar ( USD ; since 2001) Salvadoran colón (no longer in circulation, still legal)",13753,88.323,2025,5893.0,37.843,2025.0,medium,132.0,0.678,2023.0,medium,38.8,2022.0,San Salvador,Salvadoran,San Salvador,Spanish,no religion,Unitary presidential republic,Legislative Assembly
Equatorial Guinea,141.0,28050.0,0.0,+240,.gq,GQ,67.0,1795834,2025,,UTC+01:00,XAF,20017,33.001,2025,7750.0,12.68,2025.0,medium,133.0,0.674,2023.0,,,,Ciudad de la Paz,Equatoguinean Equatorial Guinean,Bata,Spanish French Portuguese,Christianity,Unitary presidential republic under an authoritarian hereditary dictatorship,Parliament
Eritrea,100.0,120000.0,0.0,+291,.er,ER,29.0,3,2024,,UTC+03:00,ERN,1821,6.369,2019,567.0,1.982,2019.0,low,178.0,0.503,2023.0,,,,Asmara,Eritrean,Asmara,None,,Unitary one-party presidential republic under a totalitarian dictatorship,National Assembly
Estonia,,45335.0,4.6,+372,.ee,EE,30.3,1362954,2026,UTC+03:00,UTC+02:00,EUR,50758,68.24,2026,37195.0,45.0,2026.0,very high,36.0,0.905,2023.0,medium,30.6,2021.0,Tallinn,Estonian,Tallinn,Estonian,irreligion,Unitary parliamentary republic,Riigikogu
Eswatini,153.0,17364.0,0.9,+268,.sz,SZ,66.8,1236126,2023,,UTC+02:00,ZAR,11858,13.797,2023,3995.0,4.648,2023.0,medium,126.0,0.695,2023.0,high,54.6,2016.0,Mbabane (executive) Lobamba (legislative),Swazi,Mbabane,Swazi English,no religion,Unitary diarchic absolute monarchy,Parliament
Ethiopia,26.0,1104300.0,0.7,+251,.et,ET,92.7,135500000,2025,,UTC+03:00,ETB,4050,434.44,2024,1350.0,145.03,2024.0,low,176.0,0.492,2022.0,medium,35.0,2015.0,Addis Ababa,Ethiopian,Addis Ababa,Afar Amharic Oromo Somali Tigrinya,Islam,Federal parliamentary republic under an authoritarian government,Federal Parliamentary Assembly
Fiji,151.0,18274.0,0.0,+679,.fj,FJ,46.4,926276,2018,,UTC+12:00,FJD,16563,15.152,2023,6024.0,5.511,2023.0,high,111.0,0.731,2023.0,medium,30.7,2019.0,Suva,Fijian,Suva,Fijian English Standard Hindi Fiji Hindi,Hinduism,Unitary parliamentary republic,Parliament
Finland,65.0,338455.0,9.71,+358,.fi,FI,18.4,5635971,2024,UTC+03:00,UTC+02:00,EUR,66500,373.16,2025,54160.0,303.95,2025.0,very high,12.0,0.948,2023.0,low,26.6,2023.0,Helsinki,Finnish Finn,Helsinki,Finnish Swedish,no religion,Unitary parliamentary republic,Parliament
France,42.0,632702.3,0.86,+33,.fr,FR,,66792845,2026,UTC+02:00,UTC+01:00,XPF,65626,4504.0,2025,46792.0,3211.0,2025.0,very high,26.0,0.92,2023.0,low,29.8,2022.0,Paris,French,Paris,French,Christianity,Unitary semi-presidential republic,Parliament
Gabon,76.0,267668.0,3.76,+241,.ga,GA,7.9,2397368,2023,,UTC+01:00,XAF,24739,57.054,2025,9303.0,21.455,2025.0,high,108.0,0.733,2023.0,medium,38.0,2017.0,Libreville,Gabonese Gabonaise,Libreville,French,Christianity,Unitary presidential republic,Parliament
"Gambia, The",159.0,11300.0,11.5,+220,.gm,GM,227.0,2422712,2024,,UTC+00:00,GMD,3820,11.05,2026,924.0,2.67,2026.0,low,170.0,0.524,2023.0,medium,35.9,2015.0,Banjul,Gambian,Banjul,English,Islam,Unitary presidential republic,National Assembly
Georgia,119.0,69700.0,0.0,+995,.ge,GE,56.3,3657000,2024,,UTC+04:00,GEL,33340,123049.0,2026,10886.0,35.35,2026.0,very high,57.0,0.844,2023.0,medium,34.2,2021.0,Tbilisi,Georgian,Tbilisi,Georgian,Islam,Unitary parliamentary republic,Parliament
Germany,63.0,357022.0,1.27,+49,.de,DE,233.0,83497147,2025,UTC+02:00,UTC+01:00,EUR,73553,6154.0,2025,59925.0,5014.0,2025.0,very high,5.0,0.959,2023.0,low,29.4,2023.0,Berlin,German,Berlin,German,,Federal parliamentary republic,Bundestag Bundesrat
Ghana,80.0,240000.0,4.61,+233,.gh,GH,151.0,35039451,2025,,UTC+00:00,GHS,8042,295.12,2025,2520.0,88.033,2025.0,medium,143.0,0.628,2023.0,medium,44.0,2024.0,Accra,Ghanaian,Accra,English,Christianity,Unitary presidential republic,Parliament
Greece,95.0,131957.0,1.51,+30,.gr,GR,78.9,10372335,2025,UTC+03:00,UTC+02:00,EUR,44985,466.945,2025,27170.0,282.019,2025.0,very high,34.0,0.908,2023.0,medium,31.8,2024.0,Athens,Greek Hellene,Athens,Greek,No religion,Unitary parliamentary republic,Hellenic Parliament
Grenada,185.0,344.0,1.6,+1,.gd,GD,333.0,114621,2024,,UTC-04:00,XCD,20195,2.3,2023,11437.0,1.3,2023.0,high,80.0,0.791,2023.0,medium,43.8,2018.0,St. George's,Grenadian,St. George's,English,Hinduism,Unitary parliamentary constitutional monarchy,Parliament
Guatemala,105.0,108889.0,0.4,+502,.gt,GT,166.0,18636532,2025,,UTC-06:00,GTQ,15386,278.508,2025,6682.0,120.964,2025.0,medium,137.0,0.662,2023.0,medium,45.2,2023.0,Guatemala City,Guatemalan,Guatemala City,Spanish,no religion,Unitary presidential republic,Congress of the Republic
Guinea-Bissau,134.0,36125.0,22.4,+245,.gw,GW,47.0,2080000,2023,,UTC+00:00,XOF,3280,6.62,2025,1130.0,2.27,2025.0,low,174.0,0.514,2023.0,medium,33.4,2021.0,Bissau,Guinean Bissau-Guinean,Bissau,Portuguese,Islam,Unitary semi-presidential republic under a military junta,National Transitional Council (transitional) National People's Assembly (suspended)
Guinea,77.0,245857.0,0.0,+224,.gn,GN,40.9,13986179,2024,,UTC+00:00,GNF,4075,75.05,2025,1670.0,30.09,2025.0,low,181.0,0.5,2023.0,medium,33.7,2012.0,Conakry,Guinean,Conakry,French,Islam,Unitary presidential republic,National Council of the Transition
Guyana,83.0,214969.0,8.4,+592,.gy,GY,4.25,950986,2025,,UTC-04:00,GYD,94258,75.294,2025,32326.0,25.822,2025.0,high,89.0,0.776,2023.0,medium,44.6,2007.0,Georgetown,Guyanese,Georgetown,English,Christianity,Unitary parliamentary republic with an executive presidency,National Assembly
Haiti,143.0,27700.0,0.7,+509,.ht,HT,417.0,11470261,2023,UTC-04:00,UTC-05:00,HTG,3040,38.2,2025,2670.0,33.55,2025.0,medium,166.0,0.554,2023.0,medium,41.0,2023.0,Port-au-Prince,Haitian,Port-au-Prince,Haitian Creole French,Christianity,Unitary semi-presidential republic,National Assembly (vacant)
Honduras,101.0,112492.0,0.0,+504,.hn,HN,85.0,9571352,2023,,UTC-06:00,HNL,7960,86.29,2025,3640.0,39.45,2025.0,medium,139.0,0.645,2023.0,high,52.1,2018.0,Tegucigalpa,Honduran Catracho,Tegucigalpa,Spanish,,Unitary presidential republic,National Congress
Hungary,108.0,93030.0,3.7,+36,.hu,HU,103.0,9584627,2024,UTC+02:00,UTC+01:00,HUF,48160,460.38,2025,25920.0,247.76,2025.0,very high,46.0,0.87,2023.0,low,29.0,2023.0,Budapest,Hungarian,Budapest,Hungarian,no answer,Unitary parliamentary republic,National Assembly
Iceland,106.0,103125.0,2.07,+354,.is,IS,3.78,394530,2025,,UTC+00:00,ISK,81220,31.076,2025,90280.0,35.31,2025.0,very high,1.0,0.972,2023.0,low,23.2,2018.0,Reykjavík,Icelander Icelandic,Reykjavík,Icelandic,no religion,Unitary parliamentary republic,Althing
India,7.0,3287263.0,9.6,+91,.in,IN,433.5,1428627663,2023,,UTC+05:30,INR,12132,17647.0,2025,2878.0,4187.0,2025.0,medium,130.0,0.685,2023.0,low,25.5,2022.0,New Delhi,Indian others,New Delhi,Hindi English,Hinduism,Federal parliamentary republic,Parliament
Indonesia,14.0,1904569.0,4.85,+62,.id,ID,143.0,288,2025,,UTC+07:00,IDR,17612,5009.0,2025,5027.0,1430.0,2025.0,high,113.0,0.728,2023.0,medium,37.9,2024.0,Jakarta,Indonesian,Jakarta,Indonesian,Islam,Unitary presidential republic,People's Consultative Assembly (MPR)
Iran,17.0,1648195.0,1.63,+98,.ir,IR,52.0,92417681,2025,,UTC+03:30,IRR,21473,1879.0,2025,4074.0,356.513,2025.0,high,75.0,0.799,2023.0,medium,35.9,2023.0,Tehran,Iranian,Tehran,Persian,,Unitary presidential theocratic Islamic republic under an authoritarian dictatorship,Islamic Consultative Assembly
Iraq,58.0,438317.0,4.93,+964,.iq,IQ,82.7,46118793,2024,,UTC+03:00,IQD,15180,690.09,2025,5670.0,258.02,2025.0,high,122.0,0.712,2024.0,low,29.5,2012.0,Baghdad,Iraqi,Baghdad,Arabic Kurdish,Islam ( official ),Federal parliamentary republic,Council of Representatives
Ireland,118.0,70273.0,2.0,+353,.ie,IE,76.6,5458600,2025,UTC+01:00,UTC+00:00,EUR,134000,736.73,2025,108920.0,598.84,2025.0,very high,11.0,0.949,2023.0,low,27.9,2022.0,Dublin,Irish,Dublin,Irish English,no religion,Unitary parliamentary republic,Oireachtas
Israel,148.0,22072.0,2.71,+972,.il,IL,462.0,10147200,2026,UTC+03:00,UTC+02:00,ILS,55770,567.55,2025,60010.0,610.75,2025.0,very high,27.0,0.919,2023.0,medium,37.9,2021.0,Jerusalem ( limited recognition ),Israeli,Jerusalem ( limited recognition ),Hebrew,Judaism,Unitary parliamentary republic,Knesset
Italy,71.0,301340.0,1.24,+39,.it,IT,195.5,58915561,2025,UTC+02:00,UTC+01:00,EUR,63076,3719.0,2025,41091.0,2423.0,2025.0,very high,29.0,0.915,2023.0,medium,32.5,2020.0,Rome,Italian,Rome,Italian a,Christianity,Unitary parliamentary republic,Parliament
Ivory Coast,68.0,322462.0,1.4,+225,.ci,CI,97.7,31500000,2024,,UTC+00:00,XOF,6960,202.647,2023,2728.0,79.43,2023.0,medium,157.0,0.582,2023.0,medium,35.3,2021.0,Yamoussoukro,Ivorian Ivory Coasters,Abidjan,French,Islam,Unitary presidential republic under an authoritarian regime,Parliament of Ivory Coast
Jamaica,160.0,10991.0,1.5,+1,.jm,JM,266.0,2824913,2024,,UTC-05:00,JMD,12283,33.775,2024,7487.0,20.586,2024.0,high,117.0,0.72,2023.0,medium,40.2,2021.0,Kingston,Jamaican,Kingston,English,no religion,Unitary parliamentary constitutional monarchy,Parliament
Japan,62.0,377975.0,1.4,+81,.jp,JP,330.0,122950000,2026,,UTC+09:00,Japanese yen ( ¥ ),54815,6758.0,2025,34713.0,4230.0,2025.0,very high,23.0,0.925,2023.0,medium,32.3,2020.0,Tokyo,Japanese,Tokyo,Japanese,,Unitary parliamentary constitutional monarchy,National Diet
Jordan,110.0,89342.0,0.6,+962,.jo,JO,114.0,11484805,2023,,UTC+03:00,JOD,12809,132.092,2023,4850.0,50.022,2023.0,high,100.0,0.754,2023.0,medium,35.4,2011.0,Amman,Jordanian,Amman,Arabic,Islam ( official ),Unitary parliamentary constitutional monarchy,Parliament
Kazakhstan,9.0,2724900.0,1.7,+7,.kz,KZ,7.44,20495975,2026,,UTC+05:00,KZT,44450,904.5,2025,14770.0,300.54,2025.0,very high,60.0,0.837,2023.0,low,27.8,2018.0,Astana,Kazakh Kazakhstani,Almaty,Kazakh Russian,Islam,Unitary presidential republic under an authoritarian government,Parliament
Kenya,48.0,580367.0,2.3,+254,.ke,KE,82.0,53330978,2025,,UTC+03:00,KES,7930,430.22,2026,2600.0,140.87,2026.0,medium,143.0,0.628,2023.0,medium,38.7,2021.0,Nairobi,Kenyan,Nairobi,Swahili English,Christianity,Unitary presidential republic,Parliament
Kiribati,172.0,811.19,0.0,+686,.ki,KI,149.64,119438,2024,,UTC+12:00,AUD,2381,0.297,2023,1989.0,0.248,2023.0,medium,140.0,0.644,2023.0,low,27.8,2019.0,Tarawa,I-Kiribati,Tarawa,English Gilbertese,Bahá'í Faith,Unitary parliamentary republic with an executive president,House of Assembly
Kuwait,152.0,17818.0,0.0,+965,.kw,KW,200.2,4985716,2025,,UTC+03:00,KWD,50960,260.5,2025,29950.0,153.1,2025.0,very high,52.0,0.852,2023.0,,,,Kuwait City,Kuwaiti,Kuwait City,Arabic,Islam ( official ),Unitary semi-constitutional monarchy,The National Assembly (suspended)
Kyrgyzstan,85.0,200105.0,3.6,+996,.kg,KG,37.0,7,2026,,UTC+06:00,KGS,8870,64.11,2025,3101.0,22.587,2025.0,high,117.0,0.72,2023.0,low,26.4,2022.0,Bishkek,Kyrgyz Kyrgyzstani,Bishkek,Kyrgyz (state) Russian (official),Islam,Unitary presidential republic,Supreme Council
Laos,82.0,236800.0,2.0,+856,.la,LA,33.21,7953556,2024,,UTC+07:00,LAK,10120,78.85,2025,2100.0,16.32,2025.0,medium,147.0,0.617,2023.0,medium,36.4,2012.0,Vientiane,Laotian,Vientiane,Lao,Buddhism,Unitary communist state,National Assembly
Latvia,122.0,64589.0,2.09,+371,.lv,LV,29.6,1842226,2022,UTC+03:00,UTC+02:00,EUR,44110,82.4,2025,25630.0,47.88,2025.0,very high,41.0,0.889,2023.0,medium,35.7,2021.0,Riga,Latvian,Riga,Latvian a,no religion,Unitary parliamentary republic,Saeima
Lebanon,161.0,10452.0,1.8,+961,.lb,LB,513.0,5364482,2024,UTC+03:00,UTC+02:00,LBP,11793,78.233,2022,3283.0,21.78,2022.0,high,102.0,0.752,2023.0,medium,31.8,2011.0,Beirut,Lebanese,Beirut,Arabic,Islam,Unitary parliamentary republic under confessionalism,Parliament
Lesotho,137.0,30355.0,0.0,+266,.ls,LS,68.1,2210646,2023,,UTC+02:00,ZAR,3234,6.915,2023,1110.0,2.373,2023.0,medium,167.0,0.55,2023.0,medium,44.9,2017.0,Maseru,Mosotho (singular) Basotho (plural),Maseru,Sesotho English,Christianity,Unitary parliamentary constitutional monarchy,Parliament
Liberia,102.0,43000.0,13.514,+231,.lr,LR,92.0,5437249,2024,,UTC+00:00,LRD,2010,11.42,2025,907.0,5.17,2025.0,low,177.0,0.51,2023.0,medium,35.3,2016.0,Monrovia,Liberian,Monrovia,English,Islam,Unitary presidential republic,Legislature of Liberia
Libya,16.0,1759541.0,0.0,+218,.ly,LY,4.2,7361263,2024,,UTC+02:00,LYD,17760,123.99,2025,6800.0,47.48,2025.0,high,115.0,0.721,2023.0,,,,Tripoli,Libyan,Tripoli,Arabic,Islam ( official ),Unitary republic under a provisional government ( GNU ),High Council of State House of Representatives
Liechtenstein,190.0,160.5,2.7,+423,.li,LI,249.0,41232,2023,UTC+02:00,UTC+01:00,CHF,210600,7.172,2024,207974.0,8.288,2023.0,very high,17.0,0.938,2023.0,,,,Vaduz,Liechtensteiner,Vaduz,German,no religion,Unitary parliamentary semi- constitutional monarchy with elements of a direct democracy,Landtag
Lithuania,121.0,65300.0,1.98,+370,.lt,LT,46.0,2897430,2025,UTC+03:00,UTC+02:00,EUR,57201,165.23,2025,32982.0,95.27,2025.0,very high,39.0,0.895,2023.0,medium,35.7,2023.0,Vilnius,Lithuanian,Vilnius,Lithuanian,no answer,Unitary semi-presidential republic,Seimas
Luxembourg,168.0,2586.4,0.23,+352,.lu,LU,264.0,690947,2025,,,EUR,154914,106.505,2025,141079.0,96.993,2025.0,very high,25.0,0.922,2023.0,medium,30.6,2023.0,Luxembourg,Luxembourger Luxembourgish,Luxembourg,National language: Luxembourgish Administrative languages: Luxembourgish German French,no religion,Unitary parliamentary constitutional monarchy,Chamber of Deputies
Madagascar,46.0,592796.0,0.9,+261,.mg,MG,55.0,31964956,2024,,UTC+03:00,MGA,2110,68.11,2026,652.0,21.09,2026.0,low,183.0,0.487,2023.0,medium,42.6,2012.0,Antananarivo,Malagasy,Antananarivo,Malagasy French,no religion,Unitary semi-presidential republic under a transitional government,Parliament
Malawi,98.0,118484.0,20.6,+265,.mw,MW,153.1,21240689,2024,,UTC+02:00,MWK,1668,37.919,2023,579.0,13.176,2023.0,low,172.0,0.517,2023.0,medium,44.7,2016.0,Lilongwe,Malawian,Lilongwe,English,Islam,Unitary presidential republic,National Assembly
Malaysia,67.0,330803.0,0.3,+60,.my,MY,101.0,34564810,2024,,UTC+08:00,MYR,43665,1478.0,2025,13901.0,470572.0,2025.0,very high,67.0,0.819,2023.0,medium,39.0,2024.0,Kuala Lumpur,Malaysian,Kuala Lumpur,Malay,Islam ( official ),Federal parliamentary constitutional elective monarchy,Parliament
Maldives,187.0,298.0,0.0,+960,.mv,MV,1728.63,601269,2024,,UTC+05:00,MVR,34322,13.867,2024,17287.0,6.984,2024.0,high,93.0,0.766,2023.0,medium,31.3,2024.0,Malé,Maldivian,Malé,Dhivehi,,Unitary presidential republic,People's Majlis
Mali,23.0,1240192.0,1.6,+223,.ml,ML,11.7,21990607,2024,,UTC+00:00,XOF,2930,72.74,2025,936.0,23.21,2025.0,low,188.0,0.419,2023.0,medium,33.0,2010.0,Bamako,Malian,Bamako,"13 national languages Bambara Bobo Hassaniya Arabic Bozo Dogon, Toro So Fula Kassonke Maninke Minyanka Senufo, Senara Songhay, Koyraboro Senni Soninke Tamasheq",Islam,Unitary presidential republic under a military junta,National Assembly
Malta,187.0,316.0,0.001,+356,.mt,MT,1649.0,519562,2021,UTC+02:00,UTC+01:00,EUR,67682,36.87,2024,41738.0,22.737,2024.0,very high,24.0,0.924,2023.0,medium,31.4,2020.0,Valletta,Maltese,Valletta,Maltese English Maltese Sign Language,other,Unitary parliamentary republic,Parliament of Malta
Marshall Islands,189.0,181.43,0.0,+692,.mh,MH,233.0,42418,2021,,UTC+12:00,United States dollar Sovereign,3789,0.215,2019,3866.0,0.22,2019.0,high,108.0,0.733,2023.0,,,,Majuro,Marshallese,Majuro,Marshallese English,others,Unitary parliamentary republic with an executive president,Nitijela
Mauritania,28.0,1030000.0,0.0,+222,.mr,MR,3.4,5461319,2026,,UTC+00:00,MRU,8650,40.06,2025,2480.0,11.47,2025.0,medium,163.0,0.563,2023.0,medium,32.6,2014.0,Nouakchott,Mauritanian,Nouakchott,Arabic,,Unitary semi-presidential Islamic republic,National Assembly
Mauritius,169.0,2040.0,0.07,+230,.mu,MU,605.5,1235260,2022,,UTC+04:00,MUR,33954,42.81,2025,13099.0,16.515,2025.0,very high,73.0,0.806,2023.0,medium,36.8,2017.0,Port Louis,Mauritian,Port Louis,None ( de jure ) English French ( de facto ),Hinduism,Unitary parliamentary republic,National Assembly
Mexico,13.0,1972550.0,1.58,+52,.mx,MX,61.0,131946900,2025,UTC-07:00,UTC-08:00,MXN,25463,3396.0,2025,12692.0,1693.0,2025.0,high,81.0,0.789,2023.0,medium,40.2,2022.0,Mexico City,Mexican,Mexico City,Spanish,Irreligion,Federal presidential republic,Congress
Micronesia,177.0,702.0,0.0,+691,.fm,FM,150.4,75817,2023,,UTC+10:00,USD,4768,0.451,2025,5291.0,0.5,2025.0,medium,135.0,0.634,2022.0,medium,40.1,2013.0,Palikir,Micronesian,Weno,English,folk religions,Federal assembly-independent presidential republic under a non-partisan democracy,Congress
Moldova,135.0,33843.0,1.4,+373,.md,MD,78.5,2381325,2025,UTC+03:00,UTC+02:00,MDL,20731,48.511,2026,8984.0,21.024,2026.0,high,86.0,0.785,2023.0,low,25.7,2021.0,Chișinău,Moldovan,Chișinău,Romanian,no religion,Unitary parliamentary republic,Parliament
Monaco,194.0,2.084,0.0,+377,.mc,MC,18446.0,38423,2024,UTC+02:00,UTC+01:00,EUR,270100,8.924,2024,315800.0,10.434,2024.0,,,,,,,,Monaco ( city-state ),Monégasque,Monaco ( city-state ),French ( Meridional ),no religion,Unitary parliamentary semi- constitutional monarchy,National Council
Mongolia,18.0,1564116.0,0.67,+976,.mn,MN,2.24,3504741,2023,,UTC+07:00,MNT,20450,73.28,2025,7200.0,25.8,2025.0,high,104.0,0.747,2023.0,medium,32.7,2018.0,Ulaanbaatar,"Mongolian , Mongol",Ulaanbaatar,Mongolian ( Buriat Khalkha Oirat ),Buddhism,Unitary semi-presidential republic,State Great Khural
Montenegro,156.0,13883.0,3.1,+382,.me,ME,43.6,623327,2025,UTC+02:00,UTC+01:00,EUR,34410,21.48,2025,14990.0,9.35,2025.0,very high,48.0,0.862,2023.0,low,29.4,2023.0,Podgorica,Montenegrin,Podgorica,Montenegrin,Islam,Unitary parliamentary republic,Parliament
Morocco,57.0,446550.0,0.056,+212,.ma,MA,79.0,36828330,2024,,UTC+01:00,MAD,11270,424.87,2025,4440.0,165.84,2025.0,high,120.0,0.71,2023.0,medium,40.3,2015.0,Rabat,Moroccan,Casablanca,Arabic Tamazight,Jews,Unitary parliamentary semi-constitutional monarchy,Parliament
Mozambique,35.0,801590.0,2.2,+258,.mz,MZ,43.5,34881007,2024,,UTC+02:00,MZN,1730,61.95,2025,663.0,23.77,2025.0,low,183.0,0.493,2023.0,high,50.4,2019.0,Maputo,Mozambican,Maputo,Portuguese,Christianity,Unitary dominant-party semi-presidential republic under an authoritarian government,Assembly of the Republic
Myanmar,39.0,676579.0,3.06,+95,.mm,MM,217.0,55770232,2022,,UTC+06:30,MMK,4950,273.2,2025,1110.0,60.56,2025.0,medium,150.0,0.609,2023.0,medium,30.7,2017.0,Naypyidaw,Burmese Myanmar Myanma,Yangon,Burmese,Buddhism ( official ),Unitary assembly-independent republic under a military junta,Pyidaungsu Hluttaw
Namibia,34.0,825615.0,0.0,+264,.na,NA,3.7,3022401,2025,,UTC+02:00,ZAR,12370,37.73,2025,4660.0,14.21,2025.0,medium,136.0,0.665,2023.0,high,59.1,2015.0,Windhoek,Namibian,Windhoek,English,other,Unitary semi-presidential republic,Parliament
Nauru,193.0,21.0,0.57,+674,.nr,NR,480.0,12025,2025,,UTC+12:00,AUD,10962,0.132,2025,14274.0,0.172,2025.0,high,124.0,0.703,2023.0,,,,Yaren ( de facto ),Nauruan,Denigomodu,Nauruan English,,Unitary parliamentary republic with an executive presidency under a non-partisan democracy,Parliament
Nepal,93.0,147516.0,2.8,+977,.np,NP,180.0,31122387,2024,,UTC+05:45,NPR,5348,169.12,2024,1381.0,43.673,2024.0,medium,145.0,0.622,2023.0,medium,30.0,2022.0,Kathmandu,Nepali Nepalese,Kathmandu,Nepali,Hinduism,Federal parliamentary republic under an interim government,Federal Parliament
Netherlands,131.0,42531.0,18.96,+31,.nl,NL,532.0,18290379,2026,,UTC+01:00,AWG,87173,1581.0,2026,73091.0,1326.0,2026.0,,,,,,,,Amsterdam,Dutch,Amsterdam,Dutch,,Devolved unitary parliamentary constitutional monarchy,
New Zealand,75.0,263310.0,1.6,+64,.nz,NZ,19.9,5344470,2026,UTC+13:00,UTC+12:00,NZD,55450,298.93,2025,46013.0,248.67,2025.0,very high,17.0,0.938,2023.0,medium,30.0,2022.0,Wellington,New Zealander Kiwi (colloquial),Auckland,English Māori NZ Sign Language,no religion,Unitary parliamentary constitutional monarchy,Parliament
Nicaragua,96.0,130375.0,7.14,+505,.ni,NI,51.0,6676948,2024,,UTC-06:00,NIO,8492,56.697,2024,2673.0,17.843,2024.0,high,123.0,0.706,2023.0,high,46.2,2014.0,Managua,Nicaraguan Pinolero/Pinolera (colloquial),Managua,Spanish,no religion,Unitary diarchic presidential socialist republic under an authoritarian dictatorship,National Assembly
Niger,21.0,1267000.0,0.02,+227,.ne,NE,21.0,26342784,2024,,UTC+01:00,XOF,2100,61.04,2025,751.0,21.87,2025.0,low,188.0,0.419,2023.0,medium,32.9,2021.0,Niamey,Nigerien,Niamey,Hausa,Islam,Unitary semi-presidential republic under a military junta,National Council for the Safeguard of the Homeland
Nigeria,31.0,923769.0,1.4,+234,.ng,NG,249.8,236747130,2024,,UTC+01:00,NGN,9488,2254.0,2025,1200.0,285.003,2025.0,medium,164.0,0.56,2023.0,medium,35.1,2020.0,Abuja,Nigerian,Lagos,English,Islam,Federal presidential republic,National Assembly
North Korea,98.0,120538.0,0.11,+850,.kp,KP,212.0,26298666,2024,,UTC+09:00,KPW,600,15.416,2023,1261.0,32.036,2024.0,,,,,low,16.6,2020.0,Pyongyang,North Korean Korean,Pyongyang,Korean ( Munhwaŏ ),no religion,Unitary communist state,Supreme People's Assembly
North Macedonia,145.0,25436.0,1.1,+389,.mk,MK,71.43,1836713,2021,UTC+02:00,UTC+01:00,MKD,29475,53.345,2025,9882.0,17.885,2025.0,very high,68.0,0.815,2023.0,low,29.8,2022.0,Skopje,Macedonian,Skopje,Macedonian Albanian,Islam,Unitary parliamentary republic,Assembly
Norway,,385207.0,5.32,+47,.no,NO,14.6,5627400,2026,UTC+02:00,UTC+01:00,NOK,107890,606.59,2025,89690.0,504.28,2025.0,very high,2.0,0.97,2023.0,low,25.3,2020.0,Oslo,Norwegian,Oslo,Norwegian Sámi,no religion,Unitary parliamentary constitutional monarchy,Storting
Oman,69.0,315331.0,0.0,+968,.om,OM,15.0,5494691,2025,,UTC+04:00,OMR,42010,231.16,2025,18097.0,104.35,2025.0,very high,50.0,0.858,2023.0,medium,30.75,2018.0,Muscat,Omani,Muscat,Arabic,Islam ( official ),Unitary Islamic absolute monarchy,Council of Oman
Pakistan,33.0,881913.0,2.86,+92,.pk,PK,273.8,241499431,2023,,UTC+05:00,PKR,6950,1670.0,2025,1710.0,410.5,2025.0,low,168.0,0.544,2023.0,low,29.6,2018.0,Islamabad,Pakistani,Karachi,Urdu English,Islam ( official ),Federal parliamentary Islamic republic,Parliament
Palau,180.0,459.0,0.0,+680,.pw,PW,38.375,17663,2025,,UTC+09:00,USD,18209,0.308,2024,17448.0,0.322,2024.0,high,84.0,0.786,2023.0,,,,Ngerulmud,Palauan,Koror,Palauan English,Christianity,Unitary presidential republic under a non-partisan democracy,Palau National Congress
Palestine,163.0,6020.0,3.5,+970,.ps,PS,731.0,5483450,2023,UTC+03:00,UTC+02:00,Israeli new shekel Jordanian dinar Egyptian pound,6642,36.391,2023,3464.0,18.109,2023.0,medium,133.0,0.674,2023.0,medium,33.7,2016.0,Jerusalem ( limited recognition ) Ramallah ( de facto ),Palestinian,"Gaza (before 2023), currently in flux",Arabic,Judaism,Unitary provisional semi-presidential republic,Legislative Council
Panama,116.0,75417.0,2.9,+507,.pa,PA,56.0,4337768,2022,,UTC-05:00,USD,42772,195.279,2025,20092.0,91.731,2025.0,very high,59.0,0.839,2023.0,high,48.9,2023.0,Panama City,Panamanian,Panama City,Spanish,no religion,Unitary presidential republic,National Assembly
Papua New Guinea,54.0,462840.0,2.2,+675,.pg,PG,25.5,10185363,2024,,UTC+10:00,PGK,3760,41.81,2025,2560.0,32.84,2025.0,medium,160.0,0.576,2023.0,medium,41.9,2009.0,Port Moresby,Papua New Guinean,Port Moresby,English Hiri Motu PNG Sign Language Tok Pisin,unspecified,Unitary parliamentary constitutional monarchy,National Parliament
Paraguay,59.0,406752.0,2.6,+595,.py,PY,39.0,6413627,2025,,UTC-03:00,PYG,22462,145.11,2026,7990.0,51.67,2026.0,high,99.0,0.756,2023.0,medium,44.4,2023.0,Asunción,Paraguayan,Asunción,Spanish Guarani,no religion,Unitary presidential republic,Congress
Peru,19.0,1285216.0,0.41,+51,.pe,PE,23.0,34352720,2023,,UTC-05:00,PEN,18980,653.09,2025,9260.0,318.48,2025.0,high,79.0,0.794,2023.0,medium,40.2,2022.0,Lima,Peruvian,Lima,Spanish,no religion,Unitary semi-presidential republic,Congress of the Republic
Philippines,72.0,300000.0,0.61,+63,.ph,PH,363.45,112729484,2024,,UTC+08:00,PHP,12930,1488.0,2025,4350.0,497.05,2025.0,high,117.0,0.72,2023.0,medium,39.3,2023.0,Manila ( de jure ) Metro Manila ( de facto ),Filipino ( neutral ) Filipina ( feminine ) Pinoy ( colloquial neutral ) Pinay ( colloquial feminine ) Philippine ( adjective for certain common nouns ),Quezon City,Filipino English,other,Unitary presidential republic,Congress
Poland,69.0,312696.0,1.48,+48,.pl,PL,126.0,37893970,2026,UTC+02:00,UTC+01:00,PLN,55340,2019.0,2025,28484.0,1039.0,2025.0,very high,35.0,0.906,2023.0,low,26.3,2022.0,Warsaw,Polish Pole,Warsaw,Polish,unanswered,Unitary parliamentary republic,Parliament
Portugal,92.0,156597.0,1.2,+351,.pt,PT,116.6,10749635,2024,UTC+01:00,UTC+00:00,EUR,51853,556.383,2026,33972.0,364.527,2026.0,very high,40.0,0.89,2023.0,medium,31.9,2024.0,Lisbon,Portuguese,Lisbon,Portuguese,,Unitary semi-presidential republic,Assembly of the Republic
Qatar,158.0,11581.0,0.0,+974,.qa,QA,264.0,3214609,2025,,UTC+03:00,QAR,121610,378.08,2025,71650.0,222.78,2025.0,very high,43.0,0.886,2023.0,medium,35.1,2017.0,Doha,Qatari,Doha,Arabic,Islam ( official ),Unitary authoritarian semi-constitutional monarchy,Consultative Assembly
Romania,81.0,238397.0,3.0,+40,.ro,RO,83.0,19043151,2025,UTC+03:00,UTC+02:00,RON,50726,949.332,2026,23767.0,444.807,2026.0,very high,55.0,0.845,2023.0,low,27.3,2025.0,Bucharest,Romanian,Bucharest,Romanian,Christianity,Unitary semi-presidential republic,Parliament
Russia,,17098246.0,13.0,+7,.ru,RU,8.4,146028325,2025,,UTC+02:00,RUB,49049,7143.0,2025,17446.0,2541.0,2025.0,very high,64.0,0.832,2023.0,medium,36.0,2020.0,Moscow,Russian,Moscow,Russian,,Federal semi-presidential republic under an authoritarian dictatorship,Federal Assembly
Rwanda,144.0,26338.0,6.3,+250,.rw,RW,578.0,14104969,2025,,UTC+02:00,RWF,4100,58.12,2025,1040.0,14.789,2025.0,medium,159.0,0.578,2023.0,medium,39.4,2023.0,Kigali,Rwandan Rwandese,Kigali,Kinyarwanda English French Swahili,Christianity,Unitary semi-presidential republic under an authoritarian dictatorship,Parliament
Saint Kitts and Nevis,188.0,261.0,0.0,+1,.kn,KN,164.0,54338,2023,,UTC-04:00,XCD,29893,1.8,2023,18158.0,1.0,2023.0,very high,58.0,0.84,2023.0,,,,Basseterre,Kittitian Nevisian,Basseterre,English,,Federal parliamentary constitutional monarchy,National Assembly
Saint Lucia,178.0,617.0,1.6,+1,.lc,LC,298.0,184100,2023,,UTC-04:00,XCD,29258,3.769,2025,14647.0,2.715,2025.0,high,103.0,0.748,2023.0,high,51.2,2016.0,Castries,Saint Lucian,Castries,English,Christianity,Unitary parliamentary constitutional monarchy,Parliament
Saint Vincent and the Grenadines,184.0,389.0,0.0,+1,.vc,VC,307.0,110872,2022,,UTC-04:00,XCD,17840,2.0,2023,9360.0,1.0,2023.0,high,76.0,0.798,2023.0,,,,Kingstown,Vincentian Grenadinian Saint Vincentian Vincy (colloquial),Kingstown,English,Hinduism,Unitary parliamentary constitutional monarchy,House of Assembly
Samoa,167.0,2831.0,0.3,+685,.ws,WS,70.0,205557,2021,,UTC+13:00,WST,5962,1.225,2024,4420.0,0.909,2024.0,high,122.0,0.708,2023.0,medium,38.7,2013.0,Apia,Samoan,Apia,"Samoan , English",no religion,Unitary parliamentary republic,Legislative Assembly
San Marino,191.0,61.19,0.0059,+378,.sm,SM,579.0,34172,2026,UTC+02:00,UTC+01:00,EUR,86989,2.978,2024,59405.0,2.034,2024.0,very high,29.0,0.915,2023.0,,,,City of San Marino,Sammarinese,City of San Marino,Italian,Catholicism (2022),Unitary parliamentary diarchic directorial republic,Grand and General Council
Saudi Arabia,12.0,2149690.0,0.7,+966,.sa,SA,15.0,33702731,2024,,UTC+03:00,SAR,74670,2690.0,2025,35230.0,1270.0,2025.0,very high,37.0,0.9,2023.0,medium,45.9,2013.0,Riyadh,Saudi Saudi Arabian,Riyadh,Arabic,,Unitary Islamic absolute monarchy,Consultative Assembly
Senegal,86.0,196722.0,2.1,+221,.sn,SN,96.0,18847519,2024,,UTC+00:00,XOF,5498,105.428,2025,1811.0,34.728,2025.0,low,169.0,0.53,2023.0,medium,40.3,2011.0,Dakar,Senegalese,Dakar,French,Islam,Unitary presidential republic,National Assembly
Serbia,111.0,88499.0,0.0,+381,.rs,RS,85.0,6567783,2025,UTC+02:00,UTC+01:00,RSD,34790,225.55,2026,17290.0,112.11,2026.0,very high,62.0,0.833,2023.0,medium,31.9,2024.0,Belgrade,Serbian,Belgrade,Serbian,undeclared/unknown,Unitary parliamentary republic,National Assembly
Seychelles,181.0,457.0,0.0,+248,.sc,SC,262.3,121355,2024,,UTC+04:00,SCR,43850,4.49,2026,21940.0,2.25,2026.0,very high,54.0,0.848,2023.0,medium,32.1,2019.0,Victoria,Seychellois Seychelloise Seselwa (Creole),Victoria,Seychellois Creole (national language) English French,Christianity,Unitary presidential republic,National Assembly
Sierra Leone,117.0,73252.0,1.1,+232,.sl,SL,124.0,8460512,2023,,UTC+00:00,SLE,3550,32.51,2025,915.0,8.39,2025.0,low,185.0,0.467,2023.0,medium,33.7,2024.0,Freetown,Sierra Leonean,Freetown,English,Islam,Unitary presidential republic,Parliament
Singapore,176.0,744.3,1.43,+65,.sg,SG,8290.0,6110200,2025,,UTC+08:00,SGD,156755,952.6,2025,93956.0,564.7,2025.0,very high,13.0,0.946,2023.0,medium,43.3,2023.0,Singapore ( city-state ),Singaporean,Singapore ( city-state ),English Malay Mandarin Tamil,Buddhism,Unitary parliamentary republic,Parliament
Slovakia,127.0,49035.0,0.72,+421,.sk,SK,110.0,5413813,2025,UTC+02:00,UTC+01:00,EUR,47440,256.71,2025,28180.0,152.48,2025.0,very high,44.0,0.88,2023.0,low,21.2,2022.0,Bratislava,Slovak,Bratislava,Slovak,no religion,Unitary parliamentary republic,National Council
Slovenia,150.0,20272.0,0.7,+386,.si,SI,103.0,2130850,2023,UTC+02:00,UTC+01:00,EUR,57716,122985.0,2025,37178.0,79222.0,2025.0,very high,21.0,0.931,2023.0,low,23.4,2023.0,Ljubljana,Slovene Slovenian,Ljubljana,Slovene,no religion,Unitary parliamentary republic,Parliament
Solomon Islands,139.0,28896.0,3.2,+677,.sb,SB,24.2,828857,2025,,UTC+11:00,SBD,220525,1.68,2024,220525.0,1.681,2024.0,medium,156.0,0.584,2023.0,medium,37.1,2013.0,Honiara,Solomon Islander Solomonese,Honiara,English,Christianity,Unitary parliamentary constitutional monarchy,National Parliament
Somalia,43.0,637657.0,0.0,+252,.so,SO,27.2,19280850,2025,,UTC+03:00,SOS,1920,32.5,2025,766.0,12.99,2025.0,low,192.0,0.404,2023.0,medium,35.2,2022.0,Mogadishu,Somali,Mogadishu,Somali,,Federal parliamentary republic,Federal Parliament
South Africa,24.0,1221037.0,0.38,+27,.za,ZA,50.8,63015904,2024,,UTC+02:00,ZAR,16280,1060.0,2026,6830.0,443.64,2026.0,high,106.0,0.741,2023.0,very high,63.0,2023.0,Pretoria (executive) Cape Town (legislative) Bloemfontein (judicial),South African,Johannesburg,12 languages Afrikaans English Ndebele Sepedi Sesotho Setswana South African Sign Language Swazi Tshivenda Xhosa Xitsonga Zulu Languages with special status Khoe languages Nama Khoisan languages German Greek Gujarati Hindi Portuguese Telugu Tamil Urdu Arabic Hebrew Sanskrit,Christianity,Unitary parliamentary republic with an executive presidency,Parliament
South Korea,107.0,100363.0,0.3,+82,.kr,KR,507.0,52081799,2024,,UTC+09:00,KRW,65080,3363.0,2025,35962.0,1859.0,2025.0,very high,20.0,0.937,2023.0,medium,33.3,2021.0,Seoul,South Korean Korean,Seoul,Korean Korean Sign Language,Buddhism,Unitary presidential republic,National Assembly
South Sudan,41.0,644329.0,0.0,+211,.ss,SS,19.0,12703714,2024,,UTC+02:00,SSP,953,15.16,2025,313.0,4.98,2025.0,low,193.0,0.388,2023.0,medium,44.1,2016.0,Juba,South Sudanese,Juba,English,Christianity,Federal presidential republic,Transitional National Legislature
Spain,50.0,506030.0,0.89,+34,.es,ES,98.0,49570725,2026,UTC+01:00,UTC+00:00,EUR,56888,2829.0,2025,38040.0,1891.0,2025.0,very high,28.0,0.918,2023.0,medium,31.2,2024.0,Madrid,Spaniard Spanish,Madrid,Spanish,atheist,Unitary parliamentary constitutional monarchy,Cortes Generales
Sri Lanka,120.0,67240.0,4.4,+94,.lk,LK,337.7,23300000,2026,,UTC+05:30,LKR,15632,342.6,2025,4516.0,98.9,2025.0,high,89.0,0.776,2023.0,medium,39.8,2023.0,Sri Jayawardenepura Kotte (legislative) Colombo (executive and judicial),Sri Lankan,Colombo,Sinhala Tamil,Buddhism ( official ),Unitary semi-presidential republic,Parliament
Sudan,15.0,1886068.0,0.0,+249,.sd,SD,21.3,51767437,2025,,UTC+02:00,SDG,2034,117.77,2025,624.0,31.51,2025.0,low,176.0,0.511,2023.0,medium,34.2,2014.0,Khartoum,Sudanese,Khartoum,Arabic English,Sunni Islam,Federal republic under a military junta,Transitional Legislative Authority
Suriname,90.0,165940.0,1.1,+597,.sr,SR,3.9,632638,2022,,UTC-03:00,SRD,22439,14.743,2025,6858.0,4.506,2025.0,high,114.0,0.722,2023.0,,,,Paramaribo,Surinamese,Paramaribo,Dutch,Christianity 26.75 Protestantism,Unitary assembly-independent presidential republic,National Assembly
Sweden,55.0,450295.0,8.97,+46,.se,SE,25.0,10610485,2025,UTC+02:00,UTC+01:00,SEK,74900,799.68,2025,58100.0,620.3,2025.0,very high,5.0,0.959,2023.0,low,27.6,2022.0,Stockholm,Swedish Swede,Stockholm,Swedish,,Unitary parliamentary constitutional monarchy,Riksdag
Switzerland,132.0,41291.0,4.0,+41,.ch,CH,207.0,9060598,2025,UTC+02:00,UTC+01:00,CHF,97660,881.083,2025,111047.0,1003.0,2025.0,very high,2.0,0.97,2023.0,medium,31.5,2023.0,Bern ( de facto ),English: Swiss German: Schweizer/Schweizerin French: Suisse/Suissesse Italian : svizzero/svizzera or elvetico/elvetica Romansh : Svizzer/Svizra,Zurich,French / Italian / Romansh,no religion,Federal assembly-independent directorial republic,Federal Assembly
Syria,87.0,185180.0,1.1,+963,.sy,SY,118.3,26019711,2025,,UTC+03:00,Syrian pound ( SYP/LS ),3300,50.28,2021,800.0,9.8,2022.0,,,,,low,26.6,2022.0,Damascus,Syrian,Damascus,Arabic,Islam,Unitary presidential republic under a provisional government,People's Assembly
São Tomé and Príncipe,171.0,964.0,0.0,+239,.st,ST,199.7,220372,2023,,UTC+00:00,STN,4238,1.0,2024,3167.0,0.751,2024.0,medium,141.0,0.637,2023.0,medium,40.7,2017.0,São Tomé,São Toméan Santomean,São Tomé,Portuguese,Christianity,Unitary semi-presidential republic,National Assembly
Tajikistan,94.0,143100.0,1.8,+992,.tj,TJ,75.4,10786734,2025,,UTC+05:00,TJS,6434,67.75,2026,1799.0,18.94,2026.0,medium,128.0,0.691,2023.0,medium,34.0,2015.0,Dushanbe,Tajikistani Tajik,Dushanbe,Tajik Russian,Islam,Unitary presidential republic under an authoritarian dictatorship,Supreme Assembly
Tanzania,30.0,947303.0,6.4,+255,.tz,TZ,65.2,67462121,2024,,UTC+03:00,TZS,4370,293.59,2025,1280.0,88.98,2025.0,medium,165.0,0.555,2023.0,medium,40.5,2017.0,Dodoma,Tanzanian,Dar es Salaam,Swahili English,Christianity,Unitary dominant-party presidential republic,National Assembly
Thailand,50.0,513120.0,0.4,+66,.th,TH,132.1,65975198,2024,,UTC+07:00,THB,26358,1853.0,2025,7942.0,558.573,2025.0,high,76.0,0.798,2023.0,medium,33.5,2023.0,Bangkok,Thai,Bangkok,Thai,Buddhism,Unitary parliamentary constitutional monarchy,National Assembly
Timor-Leste,154.0,15007.0,0.0,+670,.tl,TL,94.0,1354662,2023,,UTC+09:00,USD,4920,6.97,2025,1490.0,2.12,2025.0,medium,142.0,0.634,2023.0,low,28.7,2014.0,Dili,East Timorese Timorese Maubere (informal),Dili,Portuguese Tetum,,Unitary semi-presidential republic,National Parliament
Togo,123.0,56785.0,4.2,+228,.tg,TG,125.9,9583381,2024,,UTC+00:00,XOF,3470,33.05,2025,1050.0,10.02,2025.0,medium,161.0,0.571,2023.0,medium,43.1,2015.0,Lomé,Togolese,Lomé,French,,Unitary parliamentary republic,Parliament
Tonga,175.0,748.0,4.0,+676,.to,TO,139.0,100209,2021,,UTC+13:00,TOP,6496,0.655,2019,4888.0,0.493,2019.0,high,98.0,0.739,2022.0,low,27.1,2021.0,Nukuʻalofa,Tongan,Nukuʻalofa,Tongan English,others,Unitary parliamentary semi-constitutional monarchy,Legislative Assembly
Trinidad and Tobago,164.0,5131.0,0.0,+1,.tt,TT,294.0,1512779,2025,,UTC-04:00,TTD,30718,43.658,2023,19621.0,27.887,2023.0,very high,72.0,0.807,2023.0,medium,39.0,2012.0,Port of Spain,Trinidadians and Tobagonians Trini or Trinbagonian (colloquial),Chaguanas,English,Christianity,Unitary parliamentary republic,Parliament
Tunisia,91.0,163610.0,5.04,+216,.tn,TN,79.0,11972169,2024,,UTC+01:00,TND,14780,183.73,2025,4530.0,56.29,2025.0,high,105.0,0.746,2023.0,medium,33.7,2021.0,Tunis,Tunisian,Tunis,Arabic,Sunni Islam,Unitary presidential republic,Parliament
Turkey,36.0,783562.0,2.03,+90,.tr,TR,112.0,86092168,2025,,UTC+03:00,TRY,43790,3770.0,2025,18200.0,1570.0,2025.0,very high,51.0,0.853,2023.0,medium,44.5,2022.0,Ankara,Turkish Turk,Istanbul,Turkish,,Unitary presidential republic,Grand National Assembly
Turkmenistan,52.0,491210.0,4.9,+993,.tm,TM,14.4,7057841,2022,,UTC+05:00,TMT,27887,186.11,2025,13334.0,89.05,2025.0,high,95.0,0.764,2023.0,medium,40.8,1998.0,Ashgabat,Turkmenistani Turkmen,Ashgabat,Turkmen,Islam,Unitary presidential republic under a totalitarian hereditary dictatorship,Assembly
Tuvalu,192.0,26.26,0.0,+688,.tv,TV,423.0,10643,2022,,UTC+12:00,AUD,6076,0.069,2023,6113.0,0.063,2023.0,medium,129.0,0.689,2023.0,medium,39.0,2022.0,Funafuti,Tuvaluan,Funafuti,Tuvaluan English,Other religions or not stated,Unitary parliamentary constitutional monarchy,Parliament
Uganda,79.0,241038.0,15.39,+256,.ug,UG,157.1,45905417,2024,,UTC+03:00,UGX,3900,187.11,2025,1340.0,64.28,2025.0,medium,157.0,0.582,2023.0,medium,42.0,2016.0,Kampala,Ugandan,Kampala,English Swahili,Christianity,Unitary presidential republic under a dictatorship,Parliament
Ukraine,45.0,603628.0,3.8,+380,.ua,UA,54.4,32862000,2025,UTC+03:00,UTC+02:00,UAH,20999,690.059,2025,6261.0,205.742,2025.0,high,87.0,0.779,2023.0,low,25.6,2020.0,Kyiv,Ukrainian,Kyiv,Ukrainian,Christianity,Unitary semi-presidential republic,Verkhovna Rada
United Arab Emirates,114.0,83600.0,0.0,+971,.ae,AE,132.0,11027129,2024,,UTC+04:00,AED,81680,905.23,2025,49550.0,548.6,2025.0,very high,15.0,0.94,2023.0,low,26.0,2018.0,Abu Dhabi,Emirati,Dubai,Arabic,Christianity,Federal semi-presidential elective semi-constitutional monarchy,Federal Supreme Council
United Kingdom,78.0,244376.0,0.0,+44,.uk,GB,285.0,69281437,2024,UTC+01:00,UTC+00:00,GBP,63759,4455.0,2025,56661.0,3959.0,2025.0,very high,13.0,0.946,2023.0,medium,35.4,2021.0,London,British Briton Brit (colloquial),London,English,not stated,Unitary parliamentary constitutional monarchy,Parliament
United States,3.0,3796742.0,7.0,+1,.com,US,96.8,341784857,2025,UTC-04:00,UTC-04:00,USD,89599,30616.0,2025,89599.0,30616.0,2025.0,very high,17.0,0.938,2023.0,medium,41.8,2024.0,"Washington, D.C.",American,New York City,English,unaffiliated,Federal presidential republic,Congress
Uruguay,89.0,176215.0,1.5,+598,.uy,UY,19.5,3499451,2023,,UTC-03:00,UYU,36014,107.946,2024,23088.0,82.605,2024.0,very high,48.0,0.862,2023.0,medium,40.6,2022.0,Montevideo,Uruguayan,Montevideo,Spanish Uruguayan Sign Language,,Unitary presidential republic,General Assembly
Uzbekistan,55.0,448978.0,4.9,+998,.uz,UZ,80.2,38236704,2026,,UTC+05:00,UZS,12596,507.8,2025,3945.0,140.48,2025.0,high,107.0,0.74,2023.0,medium,31.2,2022.0,Tashkent,Uzbek • Uzbek,Tashkent,Uzbek,Islam,Unitary semi-presidential republic,Oliy Majlis
Vanuatu,157.0,12189.0,0.0,+678,.vu,VU,27.6,335908,2023,,UTC+11:00,VUV,3001,1.002,2023,3188.0,1.064,2023.0,medium,146.0,0.621,2023.0,medium,32.3,2019.0,Port Vila,Ni-Vanuatu (or rarely: Vanuatuan ),Port Vila,Bislama English French,Animism,Unitary parliamentary republic,Parliament
Vatican City,195.0,0.49,0.0,+379,.va,VA,1800.0,882,2024,UTC+02:00,UTC+01:00,EUR,1945022,14859970.0,2021,,,,,,,,,,,Vatican City ( city-state ),None ( de jure ) Vatican ( de facto ),Vatican City ( city-state ),Italian,,Theocratic elective absolute monarchy,Pontifical Commission
Venezuela,32.0,916445.0,3.2,+58,.ve,VE,32.0,31800000,2025,,UTC-04:00,VED,8790,234.34,2025,3100.0,82.77,2025.0,high,121.0,0.709,2023.0,medium,44.8,2013.0,Caracas,Venezuelan,Caracas,Spanish,no religion,Federal presidential republic under an authoritarian dictatorship,National Assembly
Vietnam,66.0,331344.82,6.38,+84,.vn,VN,309.0,102300000,2025,,UTC+07:00,VND,17484,1786.0,2025,4806.0,490.97,2025.0,high,93.0,0.766,2023.0,medium,36.1,2022.0,Hanoi,Vietnamese Viet (colloquial),Hanoi,Vietnamese,no religion / folk,Unitary communist state,National Assembly
Yemen,54.0,455503.0,0.0,+967,.ye,YE,71.8,32684503,2023,,UTC+03:00,YER,1670,69.96,2025,416.0,17.4,2025.0,low,184.0,0.47,2023.0,medium,36.7,2014.0,Sanaa,Yemeni Yemenite,Sanaa,Arabic,Islam ( official ),Unitary semi-presidential republic under a provisional government,Parliament
Zambia,38.0,752617.0,1.0,+260,.zm,ZM,17.2,20216029,2023,,UTC+02:00,ZMW,4068,83.687,2023,1435.0,29.536,2023.0,medium,154.0,0.595,2023.0,high,51.5,2022.0,Lusaka,Zambian,Lusaka,English,Christianity ( official ),Unitary presidential republic,National Assembly of Zambia
Zimbabwe,60.0,390757.0,1.0,+263,.zw,ZW,45.0,17166852,2026,,UTC+02:00,ZAR,5410,93.87,2025,3070.0,53.31,2025.0,medium,153.0,0.598,2023.0,medium,45.5,2019.0,Harare,Zimbabwean Zimbo (colloquial),Harare,16 languages : Chewa Chibarwe English Kalanga Khoisan Nambya Ndau Ndebele Shangani Shona Sotho Tonga Tswana Venda Xhosa Zimbabwean sign language,no religion,Unitary presidential republic,Parliament
