country,area_km2,area_rank,calling_code,capital,currency_code,demonym,ethnic_groups,gdp_nominal_per_capita_usd,gdp_nominal_total_billion_usd,gdp_ppp_per_capita_usd,gdp_ppp_total_billion_usd,gini,gini_category,gini_year,government_type,hdi,hdi_category,hdi_rank,hdi_year,internet_tld,iso_3166_code,largest_city,legislature,official_language,population,population_density_per_km2,population_rank,population_year,timezone_utc,top_religion,top_religion_pct,url,water_pct
Afghanistan,652864.0,40.0,,Kabul,AFN,Afghan,Pashtun: 42%; Tajik: 27%; Hazara: 9%; Uzbek: 9%; Aimaq: 4%; Turkmen: 3%; Baloch: 2%; other: 4%,411.0,17.329,2174,91.668,,,,Unitary totalitarian theocratic Islamic emirate,0.496,low,181.0,2023.0,.af,AF,Kabul,None,Pashto Dari,42500000.0,64.0,36.0,2024,UTC+04:30,Islam,99.9,https://en.wikipedia.org/wiki/Afghanistan,0.0
Albania,28748.0,140.0,+355,Tirana,ALL,Albanian,Albanians: 97.7%; Greeks: 1%; others: 1.3%,12150.0,32.41,24840,66.29,29.4,low,2021.0,Unitary parliamentary republic,0.81,very high,71.0,2023.0,.al,AL,Tirana,Kuvendi,Albanian,2402113.0,83.6,142.0,2023,UTC+01:00,Islam,50.67,https://en.wikipedia.org/wiki/Albania,4.7
Algeria,2381741.0,10.0,+213,Algiers,DZD,Algerian,See Ethnic groups,5690.0,268.89,18530,875.33,27.6,low,2011.0,Unitary semi-presidential republic,0.763,high,96.0,2023.0,.dz,DZ,Algiers,Parliament,Arabic Berber,47400000.0,19.0,32.0,2025,UTC+01:00,Sunni Islam ( official ) <,99.0,https://en.wikipedia.org/wiki/Algeria,0.0
Andorra,467.63,178.0,+376,Andorra la Vella,EUR,Andorran,Spaniards: 34.3%; Andorrans: 32.1%; Portuguese: 10%; French: 5.6%; others: 18%,44900.0,3.897,69146,6.001,40.0,medium,2023.0,Unitary parliamentary constitutional co-principality,0.913,very high,32.0,2023.0,.ad,AD,Andorra la Vella,General Council,Catalan 44.1%,89058.0,187.1,185.0,2025,UTC+01:00,Christianity,90.8,https://en.wikipedia.org/wiki/Andorra,0.26
Angola,1246700.0,22.0,+244,Luanda,AOA,Angolan,Ovimbundu: 37%; Ambundu: 25%; Bakongo: 13%; other African: 21%; Mestiço (mixed European and African): 2%; Asian: 2%; European: 1%,2880.0,113.34,10230,402.16,51.3,high,2018.0,Unitary presidential republic,0.616,medium,148.0,2023.0,.ao,AO,Luanda,National Assembly,Portuguese,36604681.0,29.4,41.0,2024,UTC+01:00,Christianity,79.1,https://en.wikipedia.org/wiki/Angola,0.0
Antigua and Barbuda,440.0,182.0,+1,St. John's,XCD,Antiguan and Barbudan,African: 87.3%; Multiracial: 4.7%; Hispanic: 2.8%; European: 1.7%; East Indian: 1.1%; Syrian or Lebanese: 0.7%; other: 1.8%,22630.0,2.37,31781,3.3,,,,Unitary parliamentary constitutional monarchy,0.851,very high,53.0,2023.0,.ag,AG,St. John's,Parliament,English,106365.0,186.0,182.0,2026,UTC-04:00,Christianity,92.7,https://en.wikipedia.org/wiki/Antigua_and_Barbuda,0.0
Argentina,2780085.0,8.0,+54,Buenos Aires,ARS,Argentine Argentinian Argentinean,,14362.0,683.533,31379,1493.0,40.7,medium,2022.0,Federal presidential republic,0.865,very high,47.0,2023.0,.ar,AR,Buenos Aires,National Congress,Spanish,46735004.0,16.8,33.0,2025,UTC-03:00,Christianity,78.2,https://en.wikipedia.org/wiki/Argentina,1.57
Armenia,29743.0,138.0,+374,Yerevan,AMD,Armenian,Armenians: 98.1%; Yazidis: 1.1%; other: 0.8%,8969.0,27.859,23954,74.407,27.9,low,2022.0,Unitary parliamentary republic,0.811,very high,69.0,2023.0,.am,AM,Yerevan,National Assembly,Armenian,3081100.0,103.6,135.0,2025,UTC+04:00,Christianity,96.8,https://en.wikipedia.org/wiki/Armenia,4.71
Australia,7688287.0,6.0,+61,Canberra,AUD,Australian Aussie (colloquial),,65946.0,1830.0,71431,1982.0,32.4,medium,2020.0,Federal parliamentary constitutional monarchy,0.958,very high,7.0,2023.0,.au,AU,Sydney (metropolitan) Melbourne (urban),Parliament,English,27840775.0,3.7,54.0,2026,UTC+08:00,Christianity,43.9,https://en.wikipedia.org/wiki/Australia,1.79
Austria,83879.0,113.0,+43,Vienna,EUR,Austrian,Austrians: 72.2%; other: 27.8%,58190.0,534.3,74370,682.86,28.1,low,2023.0,Federal semi-presidential republic,0.93,very high,22.0,2023.0,.at,AT,Vienna,Parliament,German,9110079.0,107.6,99.0,2024,UTC+01:00,Christianity,68.2,https://en.wikipedia.org/wiki/Austria,0.84
Azerbaijan,86600.0,112.0,+994,Baku,AZN,Azerbaijani Azeri,Azerbaijani: 94.8%; Lezgin: 1.7%; Talysh: 0.9%; Russian: 0.7%; others: 1.9%,7604.0,79.0,26235,272.0,33.7,medium,2008.0,Unitary semi-presidential republic under an authoritarian hereditary dictatorship,0.789,high,81.0,2023.0,.az,AZ,Baku,National Assembly,Azerbaijani,10353296.0,117.0,90.0,2022,UTC+04:00,Islam,97.3,https://en.wikipedia.org/wiki/Azerbaijan,1.6
"Bahamas, The",13943.0,155.0,+1,Nassau,BSD,Bahamian,African: 90.6%; White: 4.7%; mixed: 2.1%; other: 1.9%; unspecified: 0.7%,35257.0,14.39,46524,18.989,,,,Unitary parliamentary constitutional monarchy,0.82,very high,66.0,2023.0,.bs,BS,Nassau,Parliament,English,412628.0,25.21,,2023,UTC-05:00,Christianity,93.0,https://en.wikipedia.org/wiki/The_Bahamas,28.0
Bahrain,786.8,173.0,+973,Manama,BHD,Bahraini,Arabs: 53.2%; South Asians: 43.4%; Africans: 1.4%; North Americans: 1.1%; others: 0.1%,29780.0,49.19,71460,118.06,,,,Unitary semi-constitutional monarchy under an authoritarian government,0.899,very high,38.0,2023.0,.bh,BH,Manama,National Assembly,Arabic,1463265.0,1864.0,149.0,2021,UTC+03:00,Islam ( official ),74.0,https://en.wikipedia.org/wiki/Bahrain,0.0
Bangladesh,148460.0,93.0,+880,Dhaka,BDT,Bangladeshi,Bengali: 99%; others Chakmas Garos Khasis Khumis Manipuris Marmas Mizos Arakanese Mrus Santals Tanchangyas Tripuris Bishnupriyas: 1%,2960.0,519.29,10850,1900.0,33.4,medium,2025.0,Unitary parliamentary republic,0.685,medium,130.0,2023.0,.bd,BD,Dhaka,Jatiya Sangsad,Bengali,173562364.0,1165.0,8.0,2024,UTC+06:00,Islam ( official ),91.04,https://en.wikipedia.org/wiki/Bangladesh,6.4
Barbados,439.0,183.0,+1,Bridgetown,BBD,Barbadian Bajan,African: 92.4%; Mixed: 3.1%; White: 2.7%; Indian: 1.3%; others: 0.3%,21442.0,6.22,18738,5.436,34.1,medium,2016.0,Unitary parliamentary republic,0.811,very high,69.0,2023.0,.bb,BB,Bridgetown,Parliament,English,281998.0,660.0,174.0,2023,UTC-04:00,Christianity,75.6,https://en.wikipedia.org/wiki/Barbados,0.0
Belarus,207600.0,84.0,+375,Minsk,BYN,Belarusian,Belarusians: 84.9%; Russians: 7.5%; Poles: 3.1%; Ukrainians: 1.7%; other: 2.8%,7477.0,68.864,24016,221.186,25.3,low,2019.0,Unitary semi-presidential republic under an authoritarian dictatorship,0.824,very high,65.0,2023.0,.by,BY,Minsk,National Assembly,Belarusian Russian a,9109280.0,43.9,98.0,2025,UTC+03:00,Christianity,91.0,https://en.wikipedia.org/wiki/Belarus,2.26
Belgium,30689.0,136.0,+32,City of Brussels,EUR,Belgian,Belgians: 86.1%; Belgian background: 64%; foreign background: 22.1%; non-Belgian: 13.8%,58248.0,689.364,75187,889.833,24.9,low,2022.0,Federal parliamentary constitutional monarchy,0.951,very high,10.0,2023.0,.be,BE,Brussels-Capital Region,Federal Parliament,Dutch French German,11825551.0,385.0,,2025,UTC+01:00,no religion,59.0,https://en.wikipedia.org/wiki/Belgium,0.64
Belize,22966.0,147.0,+501,Belmopan,BZD,Belizean,Mestizo: 52.9%; Creole: 25.9%; Mayan: 11.3%; Garifuna: 6.1%; East Indian: 3.9%; Mennonite: 3.6%; White: 1.2%; Asian: 1%; Other: 1.2%; Unknown: 0.3%,8355.0,3.488,15363,6.414,53.1,high,2013.0,Unitary parliamentary constitutional monarchy,0.721,high,115.0,2023.0,.bz,BZ,Belize City,National Assembly,English,397483.0,17.31,,2022,UTC-06:00,Christianity,61.9,https://en.wikipedia.org/wiki/Belize,0.8
Benin,114763.0,100.0,+229,Porto-Novo,XOF,Beninese Beninoise,Fon: 38.4%; Adja and Mina: 15.1%; Yoruba: 12%; Bariba: 9.6%; Fula: 8.6%; Ottamari: 6.1%; Yoa-Lokpa: 4.3%; Dendi: 2.9%; other: 2.8%,1790.0,27.45,4980,76.51,34.4,medium,2021.0,Unitary presidential republic,0.515,low,173.0,2023.0,.bj,BJ,Cotonou,National Assembly,French,13754688.0,94.8,77.0,2022,UTC+01:00,Christianity,52.2,https://en.wikipedia.org/wiki/Benin,0.4
Bhutan,38394.0,133.0,+975,Thimphu,BTN,Bhutanese,,4710.0,3.771,19255,15.415,28.5,low,2022.0,Unitary parliamentary semi-constitutional monarchy,0.698,medium,125.0,2023.0,.bt,BT,Thimphu,Parliament,Dzongkha,727145.0,20.5,,2022,UTC+06:00,Buddhism,74.7,https://en.wikipedia.org/wiki/Bhutan,1.1
Bolivia,1098581.0,27.0,+591,Sucre,BOB,Bolivian,,4525.0,56.339,11574,144.098,40.9,medium,2021.0,Unitary presidential republic,0.733,high,108.0,2023.0,.bo,BO,Santa Cruz,Plurinational Legislative Assembly,Spanish Quechua Aymara Guarani Other indigenous languages,11365333.0,10.4,84.0,2024,UTC-04:00,Christianity,92.8,https://en.wikipedia.org/wiki/Bolivia,1.29
Bosnia and Herzegovina,51209.0,125.0,+387,Sarajevo,BAM,Bosnian Herzegovinian,,10546.0,36.24,23930,82.23,27.1,low,2022.0,Federal parliamentary directorial republic,0.804,very high,74.0,2023.0,.ba,BA,Sarajevo,Parliamentary Assembly,None,2904256.0,61.0,137.0,2023,UTC+01:00,Islam,51.3,https://en.wikipedia.org/wiki/Bosnia_and_Herzegovina,1.4
Botswana,581730.0,47.0,+267,Gaborone,BWP,Batswana (plural) Motswana (singular),Tswana: 79%; Kalanga: 11%; San: 3%; others: 7%,7380.0,20.71,19540,54.82,45.5,medium,2016.0,Unitary parliamentary republic with an executive presidency,0.731,high,111.0,2023.0,.bw,BW,Gaborone,Parliament ( National Assembly ),English,2359609.0,4.1,143.0,2022,UTC+02:00,Christianity,79.1,https://en.wikipedia.org/wiki/Botswana,2.7
Brazil,8515767.0,5.0,+55,Brasília,BRL,Brazilian,Pardo: 45.3%; White: 43.5%; Black: 10.2%; Indigenous: 0.6%; East Asian: 0.4%,10709.0,2292.0,24108,5161.0,51.6,high,2023.0,Federal presidential republic,0.786,high,84.0,2023.0,.br,BR,São Paulo,National Congress,Portuguese,213421037.0,23.8,7.0,2025,UTC-02:00,Christianity,83.6,https://en.wikipedia.org/wiki/Brazil,0.65
Brunei,5765.0,164.0,+673,Bandar Seri Begawan,BND,Bruneian,Malay: 73.7%; Chinese: 9.6%; others: 16.6%,34970.0,16.01,95760,43.83,,,,Unitary Islamic absolute monarchy,0.837,very high,60.0,2023.0,.bn,BN,Bandar Seri Begawan,Legislative Council,Malay,466227.0,72.11,175.0,2025,UTC+08:00,Sunni Islam ( official ),80.7,https://en.wikipedia.org/wiki/Brunei,8.6
Bulgaria,110993.6,103.0,+359,Sofia,EUR,Bulgarian,Bulgarians: 85.7%; Turks: 8.5%; Roma: 4.5%; others: 1.3%,18522.0,117.007,41901,264.699,37.2,medium,2023.0,Unitary parliamentary republic,0.845,very high,55.0,2023.0,.bg,BG,Sofia,National Assembly,Bulgarian,6437360.0,58.0,109.0,2024,UTC+02:00,Christianity,64.7,https://en.wikipedia.org/wiki/Bulgaria,2.16
Burkina Faso,274223.0,74.0,+226,Ouagadougou,XOF,Burkinabé,Mossi: 53.7%; Fula: 6.8%; Gurunsi: 5.9%; or: 5.4%; Bissa: 1.5%; Gurma: 5.2%; Bobo: 3.4%; Senufo: 2.2%; Lobi: 1.5%; Tuareg and Bella: 0.1%,1110.0,27.06,2980,72.82,37.4,medium,2021.0,Unitary semi-presidential republic under a military junta,0.459,low,186.0,2023.0,.bf,BF,Ouagadougou,National Assembly,"Mooré , Dyula and Fula , alongside any other languages so recognized by law",22489126.0,86.0,58.0,2023,UTC+00:00,Islam,63.8,https://en.wikipedia.org/wiki/Burkina_Faso,0.148
Burundi,27834.0,142.0,+257,Gitega,BIF,Burundian,Barundi: 100%; Hutu: 85%; Tutsi: 14%; Twa ~: 1%; other: 1%,489.0,6.75,1020,13.98,37.5,medium,2020.0,Unitary dominant-party presidential republic under an authoritarian dictatorship,0.439,low,187.0,2023.0,.bi,BI,Bujumbura,Parliament,Kirundi French English,14151540.0,565.0,78.0,2024,UTC+02:00,Christianity,93.4,https://en.wikipedia.org/wiki/Burundi,10.0
Cambodia,181035.0,88.0,+855,Phnom Penh,Riel (៛) ( KHR ; de jure and de facto ) United States dollar ($) ( USD ; de facto ),Cambodian,Khmer: 95.4%; Cham: 2.4%; Chinese: 1.5%; others: 0.8%,2870.0,49.8,8650,150.05,23.6,low,2024.0,Unitary parliamentary constitutional elective monarchy under a hereditary dictatorship,0.606,medium,151.0,2023.0,.kh,KH,Phnom Penh,Parliament,Khmer,17638801.0,94.4,71.0,2024,UTC+07:00,Buddhism ( official ),96.5,https://en.wikipedia.org/wiki/Cambodia,2.5
Cameroon,475442.0,53.0,+237,Yaoundé,XAF,Cameroonian,"Bamileke , Bamun: 22.2%; Biu-Mandara: 16.4%; Shuwa Arab , Hausa and Kanuri: 13.5%; Beti - Bassa: 13.1%; Fulani: 12%; Tikar: 9.9%; Adamawa-Ubangi ( Mbum - Gbaya ): 9.8%; Sawa people: 4.6%; Southwest Bantu: 4.3%; Pygmy peoples: 2.3%; others/foreigners: 3.8%",2200.0,67.52,5960,183.32,42.2,medium,2021.0,Unitary presidential republic under a dictatorship,0.588,medium,155.0,2023.0,.cm,CM,Douala,Parliament,French • English,30987821.0,39.7,51.0,2025,UTC+01:00,Christianity,66.3,https://en.wikipedia.org/wiki/Cameroon,0.57
Canada,9984670.0,2.0,+1,Ottawa,CAD,Canadian,,54935.0,2284.0,65500,2723.0,29.2,low,2024.0,Federal parliamentary constitutional monarchy,0.939,very high,16.0,2023.0,.ca,CA,Toronto,Parliament,English French,41575585.0,4.2,37.0,2025,UTC-03:00,,,https://en.wikipedia.org/wiki/Canada,11.76
Cape Verde,4033.0,166.0,+238,Praia,CVE,Cape Verdean or Cabo Verdean,,4502.0,2.598,9909,5.717,42.4,medium,2015.0,Unitary semi-presidential republic,0.668,medium,135.0,2023.0,.cv,CV,Praia,National Assembly,Portuguese,491233.0,130.0,172.0,2021,UTC-01:00,Christianity,81.7,https://en.wikipedia.org/wiki/Cape_Verde,0.0
Central African Republic,622984.0,44.0,+236,Bangui,XAF,Central African,Baggara Arabs Baka Banda Bayaka Fula Gula Gbaya Kara Kresh Mbaka Mandja Ngbandi Runga Sara Vidiri Wodaabe Yakoma Yulu Kanuri Zande other,650.0,3.71,1390,7.94,43.0,medium,2021.0,Unitary presidential republic,0.414,low,191.0,2023.0,.cf,CF,Bangui,National Assembly,French Sango (co-official),5650957.0,8.6,119.0,2024,UTC+01:00,Christianity,73.2,https://en.wikipedia.org/wiki/Central_African_Republic,0.0
Chad,1280000.0,20.0,+235,N'Djamena,XAF,Chadian,,1210.0,23.56,3240,63.07,37.4,medium,2022.0,Unitary semi-presidential republic under a hereditary dictatorship,0.416,low,190.0,2023.0,.td,TD,N'Djamena,Bicameral parliament,Arabic French,19093595.0,14.4,66.0,2024,UTC+01:00,Islam,55.1,https://en.wikipedia.org/wiki/Chad,1.9
Chile,756101.96,37.0,+56,Santiago,CLP,Chilean,,17180.0,347.17,35290,713.03,44.8,medium,2022.0,Unitary presidential republic,0.878,very high,45.0,2023.0,.cl,CL,Santiago,National Congress,Spanish,19629588.0,24.0,63.0,2023,UTC-03:00,Christianity,70.0,https://en.wikipedia.org/wiki/Chile,2.1
China,9596961.0,,+86,Beijing,CNY,Chinese,Han Chinese: 91.11%; Zhuang: 1.39%; Uyghur: 0.84%; Hui: 0.81%; Miao: 0.79%; Manchu: 0.74%; Yi: 0.7%; Tujia: 0.68%; Tibetan: 0.5%; others: 2.44%,13806.0,19399.0,29191,41016.0,36.0,medium,2022.0,Unitary communist state,0.797,high,78.0,2023.0,.cn,CN,,National People's Congress,Standard Chinese (de facto),1404890000.0,146.0,2.0,2025,UTC+08:00,,,https://en.wikipedia.org/wiki/China,2.8
Colombia,1141748.0,25.0,+57,Bogotá,COP,Colombian,Mestizo - White: 84.99%; Black: 9.34%; Indigenous: 4.31%; Romanis: 0.01%; not specified: 1.35%,7327.0,386.076,19770,1042.0,53.9,high,2023.0,Unitary presidential republic,0.788,high,83.0,2023.0,.co,CO,Bogotá,Congress,Spanish,52695952.0,46.15,27.0,2024,UTC-05:00,Catholicism,70.0,https://en.wikipedia.org/wiki/Colombia,2.1
Comoros,2235.0,170.0,+269,Moroni,KMF,Comorian Comorese,Comorians: 97.1%; Makua: 1.6%; Others: 1.3%,1377.0,1.364,3463,3.432,45.3,medium,2014.0,Federal presidential republic,0.603,medium,152.0,2023.0,.km,KM,Moroni,Assembly of the Union,Comorian French Arabic,883075.0,457.0,159.0,2024,UTC+03:00,,,https://en.wikipedia.org/wiki/Comoros,0.0
"Congo, Democratic Republic of the",2345409.0,11.0,+243,Kinshasa,CDF,Congolese,,742.0,79.12,1881,200.76,42.1,medium,2012.0,Unitary semi-presidential republic,0.522,low,171.0,2023.0,.cd,CD,Kinshasa,Parliament,French,124388160.0,48.0,15.0,2025,UTC+01:00,Christianity,95.4,https://en.wikipedia.org/wiki/Democratic_Republic_of_the_Congo,3.32
"Congo, Republic of the",342000.0,64.0,+242,Brazzaville,XAF,Congolese Congo,Bakongo: 41%; Bateke: 16.9%; Mbochi: 13.1%; Sangha: 5.6%; Mbenga Pygmies and others: 2%,2360.0,15.281,6590,42.76,40.2,medium,2011.0,Unitary semi-presidential republic under a dictatorship,0.649,medium,138.0,2023.0,.cg,CG,Brazzaville,Parliament,French,6142180.0,19.0,,2023,UTC+01:00,Christianity,87.1,https://en.wikipedia.org/wiki/Republic_of_the_Congo,3.3
Costa Rica,51179.92,126.0,+506,San José,CRC,Costa Rican Tico(a),White or Mestizo: 83.6%; Mulatto (mixed Black and White ): 6.7%; Indigenous: 2.4%; Black: 1.1%; others: 6.2%,19095.0,102.591,31462,169.034,47.2,high,2022.0,Unitary presidential republic,0.833,very high,62.0,2023.0,.cr,CR,San José,Legislative Assembly,Spanish,5160700.0,220.0,127.0,2026,UTC-06:00,Christianity,72.6,https://en.wikipedia.org/wiki/Costa_Rica,1.05
Croatia,56561.0,124.0,+385,Zagreb,EUR,Croatian,Croats: 91.6%; Serbs: 3.2%; others: 5.2%,29370.0,113.13,53840,207.4,30.0,medium,2026.0,Unitary parliamentary republic,0.889,very high,41.0,2023.0,.hr,HR,Zagreb,Sabor,Croatian,3866233.0,68.4,128.0,2024,UTC+01:00,Christianity,87.4,https://en.wikipedia.org/wiki/Croatia,1.09
Cuba,110860.0,104.0,+53,Havana,CUP,Cuban,,22957.0,252.063,22237,254.865,38.0,medium,2000.0,Communist state,0.762,high,97.0,2023.0,.cu,CU,Havana,National Assembly of People's Power,Spanish,9748007.0,89.8,95.0,2024,UTC-05:00,Christianity,58.9,https://en.wikipedia.org/wiki/Cuba,0.94
Cyprus,9251.0,162.0,+357,Nicosia,EUR,Cypriot,Greek Cypriots Turkish Cypriots Armenian Cypriots Maronite Cypriots,42413.0,39.943,65304,61.501,29.4,low,2022.0,Unitary presidential republic,0.913,very high,32.0,2023.0,.cy,CY,Nicosia,House of Representatives,Greek Turkish,923272.0,123.4,,2021,UTC+02:00,Christianity,72.3,https://en.wikipedia.org/wiki/Cyprus,0.11
Czech Republic,78871.0,115.0,+420,Prague,CZK,Czech,Czechs: 89%; Moravians: 3.3%; Slovaks: 0.9%; Ukrainians: 0.7%; other: 2.1%; two nationalities: 4%,31365.0,342.992,56686,619.881,24.4,low,2023.0,Unitary parliamentary republic,0.915,very high,29.0,2023.0,.cz,CZ,Prague,Parliament,Czech,10900555.0,133.0,85.0,2024,UTC+01:00,no religion,56.9,https://en.wikipedia.org/wiki/Czech_Republic,2.16
Denmark,42926.0,12.0,+45,Copenhagen,DKK,Danish ; locally: Greenlander Faroe Islander,,69205.0,418.659,62814,380.0,,,,Unitary parliamentary constitutional monarchy,0.948,very high,,2021.0,.dk,DK,Copenhagen,"Folketing , with some authority devolved to Løgting ( Faroe Islands ) and Inatsisartut ( Greenland )",Danish ; locally: Faroese Greenlandic,6049579.0,,112.0,2023,UTC+01:00,,,https://en.wikipedia.org/wiki/Danish_Realm,0.0
Djibouti,23200.0,146.0,+253,Djibouti City,DJF,Djiboutian,Afar: 60%; Arabs: 35%,3761.0,3.873,6985,7.193,41.6,medium,2017.0,Unitary dominant-party presidential republic under a hereditary dictatorship,0.513,low,175.0,2023.0,.dj,DJ,Djibouti City,National Assembly,Arabic French,1066809.0,46.0,,2024,UTC+03:00,Islam ( official ),94.0,https://en.wikipedia.org/wiki/Djibouti,0.09
Dominica,750.0,174.0,+1,Roseau,XCD,Dominican (pronounced / ˌ d ɒ m ɪ ˈ n iː k ə n / ),African: 75%; multiracial: 19%; Kalinago: 4%; European or other: 0.8%; unspecified: 0.2%,7860.0,0.485,9726,0.688,,,,Unitary parliamentary republic,0.761,high,98.0,2023.0,.dm,DM,Roseau,House of Assembly,English,72412.0,105.0,186.0,2021,UTC-04:00,Christianity,94.4,https://en.wikipedia.org/wiki/Dominica,1.6
Dominican Republic,48671.0,128.0,+1,Santo Domingo,DOP,Dominican Quisqueyan (colloquial),Mixed: 71.72%; White: 18.7%; Black: 7.45%; East Asian: 0.33%; other: 0.37%; no answer: 1.43%,12452.0,135.545,30710,334.292,39.0,medium,2024.0,Unitary presidential republic,0.776,high,89.0,2023.0,.do,DO,Santo Domingo,Congress,Spanish,11532151.0,220.0,88.0,2025,UTC-04:00,Christianity,74.6,https://en.wikipedia.org/wiki/Dominican_Republic,0.7
Ecuador,283561.0,73.0,+593,Quito,USD,Ecuadorian,Mestizo (mixed White & Indigenous ): 77.47%; Montubio (coastal Mestizo ): 7.7%; Indigenous: 7.69%; Black: 4.81%; White: 2.21%; other: 0.12%,7210.0,130.53,16180,304.23,45.2,medium,2024.0,Unitary presidential republic,0.777,high,88.0,2023.0,.ec,EC,Guayaquil,National Assembly,Spanish,17483326.0,69.0,,2023,UTC-05:00,Christianity,89.3,https://en.wikipedia.org/wiki/Ecuador,0.0
Egypt,1010408.0,29.0,+20,Cairo,EGP,Egyptian,,3174.0,347.342,21668,2372.0,28.5,low,2021.0,Unitary semi-presidential republic under an authoritarian government,0.754,high,100.0,2023.0,.eg,EG,Cairo,Parliament,Arabic,107868296.0,106.8,15.0,2025,UTC+02:00,,,https://en.wikipedia.org/wiki/Egypt,0.632
El Salvador,21041.0,149.0,+503,San Salvador,"United States dollar ( USD ; since 2001) Salvadoran colón (no longer in circulation, still legal)",Salvadoran,Mestizo (mixed White and Indigenous ): 86.3%; White: 12.7%; Indigenous: 0.2%; Black: 0.1%; other: 0.6%,5893.0,37.843,13753,88.323,38.8,medium,2022.0,Unitary presidential republic,0.678,medium,132.0,2023.0,.sv,SV,San Salvador,Legislative Assembly,Spanish,6029976.0,286.6,114.0,2024,UTC-06:00,Christianity,81.5,https://en.wikipedia.org/wiki/El_Salvador,1.5
Equatorial Guinea,28050.0,141.0,+240,Ciudad de la Paz,XAF,Equatoguinean Equatorial Guinean,Fang: 85.7%; Bubi: 6.5%; Ndowe: 3.6%; Annobon: 1.6%; Bujeba: 1.1%; others: 1.1%,7750.0,12.68,20017,33.001,,,,Unitary presidential republic under an authoritarian hereditary dictatorship,0.674,medium,133.0,2023.0,.gq,GQ,Bata,Parliament,Spanish French Portuguese,1795834.0,67.0,154.0,2025,UTC+01:00,Christianity,88.7,https://en.wikipedia.org/wiki/Equatorial_Guinea,0.0
Eritrea,120000.0,100.0,+291,Asmara,ERN,Eritrean,Tigrinya: 50%; Tigre: 30%; Saho: 4%; Afar: 4%; Kunama: 4%; Bilen: 3%; Beja: 2%; Nara: 2%; Rashaida: 1%,567.0,1.982,1821,6.369,,,,Unitary one-party presidential republic under a totalitarian dictatorship,0.503,low,178.0,2023.0,.er,ER,Asmara,National Assembly,None,3.0,29.0,,2024,UTC+03:00,,,https://en.wikipedia.org/wiki/Eritrea,0.0
Estonia,45335.0,,+372,Tallinn,EUR,Estonian,Estonians: 68.5%; Russians: 20.9%; Ukrainians: 5.4%; other: 4.6%; undeclared: 0.6%,37195.0,45.0,50758,68.24,30.6,medium,2021.0,Unitary parliamentary republic,0.905,very high,36.0,2023.0,.ee,EE,Tallinn,Riigikogu,Estonian,1362954.0,30.3,,2026,UTC+02:00,irreligion,58.4,https://en.wikipedia.org/wiki/Estonia,4.6
Eswatini,17364.0,153.0,+268,Mbabane (executive) Lobamba (legislative),ZAR,Swazi,Swazi: 84%; Zulu: 10%; others: 6%,3995.0,4.648,11858,13.797,54.6,high,2016.0,Unitary diarchic absolute monarchy,0.695,medium,126.0,2023.0,.sz,SZ,Mbabane,Parliament,Swazi English,1236126.0,66.8,155.0,2023,UTC+02:00,Christianity,89.3,https://en.wikipedia.org/wiki/Eswatini,0.9
Ethiopia,1104300.0,26.0,+251,Addis Ababa,ETB,Ethiopian,Oromo: 34.5%; Amhara: 26.9%; Somali: 6.2%; Tigrayan: 6.1%; Sidama: 4%; Gurage: 2.5%; Welayta: 2.3%; Hadiya: 1.7%; Afar: 1.7%; Gamo: 1.5%; others: 12.6%,1350.0,145.03,4050,434.44,35.0,medium,2015.0,Federal parliamentary republic under an authoritarian government,0.492,low,176.0,2022.0,.et,ET,Addis Ababa,Federal Parliamentary Assembly,Afar Amharic Oromo Somali Tigrinya,135500000.0,92.7,10.0,2025,UTC+03:00,Christianity,67.3,https://en.wikipedia.org/wiki/Ethiopia,0.7
Fiji,18274.0,151.0,+679,Suva,FJD,Fijian,Indigenous Fijians: 56.8%; Indo-Fijians: 37.5%; Rotumans: 1.2%; others: 4.5%,6024.0,5.511,16563,15.152,30.7,medium,2019.0,Unitary parliamentary republic,0.731,high,111.0,2023.0,.fj,FJ,Suva,Parliament,Fijian English Standard Hindi Fiji Hindi,926276.0,46.4,161.0,2018,UTC+12:00,Christianity,64.4,https://en.wikipedia.org/wiki/Fiji,0.0
Finland,338455.0,65.0,+358,Helsinki,EUR,Finnish Finn,Finns: 88.9%; others: 11.1%,54160.0,303.95,66500,373.16,26.6,low,2023.0,Unitary parliamentary republic,0.948,very high,12.0,2023.0,.fi,FI,Helsinki,Parliament,Finnish Swedish,5635971.0,18.4,,2024,UTC+02:00,Christianity,64.2,https://en.wikipedia.org/wiki/Finland,9.71
France,632702.3,42.0,+33,Paris,XPF,French,,46792.0,3211.0,65626,4504.0,29.8,low,2022.0,Unitary semi-presidential republic,0.92,very high,26.0,2023.0,.fr,FR,Paris,Parliament,French,66792845.0,,21.0,2026,UTC+01:00,Christianity,50.0,https://en.wikipedia.org/wiki/France,0.86
Gabon,267668.0,76.0,+241,Libreville,XAF,Gabonese Gabonaise,Fang Punu Nzebi Teke Myene Kota Vili Mbama and 42 others,9303.0,21.455,24739,57.054,38.0,medium,2017.0,Unitary presidential republic,0.733,high,108.0,2023.0,.ga,GA,Libreville,Parliament,French,2397368.0,7.9,146.0,2023,UTC+01:00,Christianity,80.2,https://en.wikipedia.org/wiki/Gabon,3.76
"Gambia, The",11300.0,159.0,+220,Banjul,GMD,Gambian,Mandinka: 34.4%; Fula: 25%; Wolof: 15.4%; Jola: 9.5%; Soninke: 8.2%; Serer: 2.9%; other: 4.6%,924.0,2.67,3820,11.05,35.9,medium,2015.0,Unitary presidential republic,0.524,low,170.0,2023.0,.gm,GM,,National Assembly,English,2422712.0,227.0,142.0,2024,UTC+00:00,Islam,95.7,https://en.wikipedia.org/wiki/The_Gambia,11.5
Georgia,69700.0,119.0,+995,Tbilisi,GEL,Georgian,Georgians: 86.8%; Azerbaijanis: 6.2%; Armenians: 4.5%; Russians: 0.7%; other: 2.1%,10886.0,35.35,33340,123049.0,34.2,medium,2021.0,Unitary parliamentary republic,0.844,very high,57.0,2023.0,.ge,GE,Tbilisi,Parliament,Georgian,3657000.0,56.3,129.0,2024,UTC+04:00,Christianity,87.3,https://en.wikipedia.org/wiki/Georgia_(country),0.0
Germany,357022.0,63.0,+49,Berlin,EUR,German,,59925.0,5014.0,73553,6154.0,29.4,low,2023.0,Federal parliamentary republic,0.959,very high,5.0,2023.0,.de,DE,Berlin,Bundestag Bundesrat,German,83497147.0,233.0,,2025,UTC+01:00,,,https://en.wikipedia.org/wiki/Germany,1.27
Ghana,240000.0,80.0,+233,Accra,GHS,Ghanaian,Akan: 45.7%; Mole-Dagbon: 18.5%; Ewe: 12.8%; Ga-Adangbe: 7.1%; Gurma: 6.4%; Guan: 3.2%; Gurunsi: 2.7%; Mande: 2%; other: 1.6%,2520.0,88.033,8042,295.12,44.0,medium,2024.0,Unitary presidential republic,0.628,medium,143.0,2023.0,.gh,GH,Accra,Parliament,English,35039451.0,151.0,46.0,2025,UTC+00:00,Christianity,71.3,https://en.wikipedia.org/wiki/Ghana,4.61
Greece,131957.0,95.0,+30,Athens,EUR,Greek Hellene,,27170.0,282.019,44985,466.945,31.8,medium,2024.0,Unitary parliamentary republic,0.908,very high,34.0,2023.0,.gr,GR,Athens,Hellenic Parliament,Greek,10372335.0,78.9,90.0,2025,UTC+02:00,Christianity,93.0,https://en.wikipedia.org/wiki/Greece,1.51
Grenada,344.0,185.0,+1,St. George's,XCD,Grenadian,African: 82.4%; Mixed: 13.3%; Indian: 2.2%; other: 1.3%; unspecified: 0.9%,11437.0,1.3,20195,2.3,43.8,medium,2018.0,Unitary parliamentary constitutional monarchy,0.791,high,80.0,2023.0,.gd,GD,St. George's,Parliament,English,114621.0,333.0,180.0,2024,UTC-04:00,Christianity,96.6,https://en.wikipedia.org/wiki/Grenada,1.6
Guatemala,108889.0,105.0,+502,Guatemala City,GTQ,Guatemalan,Ladino (mixed): 56.01%; Maya: 41.66%; Xinca: 1.77%; Black: 0.19%; Garifuna: 0.13%; other: 0.24%,6682.0,120.964,15386,278.508,45.2,medium,2023.0,Unitary presidential republic,0.662,medium,137.0,2023.0,.gt,GT,Guatemala City,Congress of the Republic,Spanish,18636532.0,166.0,70.0,2025,UTC-06:00,Christianity,88.1,https://en.wikipedia.org/wiki/Guatemala,0.4
Guinea-Bissau,36125.0,134.0,+245,Bissau,XOF,Guinean Bissau-Guinean,Balanta: 30%; Fula: 30%; Manjak: 14%; Mandinka: 13%; Papel: 7%; other / unspecified: 6%,1130.0,2.27,3280,6.62,33.4,medium,2021.0,Unitary semi-presidential republic under a military junta,0.514,low,174.0,2023.0,.gw,GW,Bissau,National Transitional Council (transitional) National People's Assembly (suspended),Portuguese,2080000.0,47.0,150.0,2023,UTC+00:00,Islam,46.1,https://en.wikipedia.org/wiki/Guinea-Bissau,22.4
Guinea,245857.0,77.0,+224,Conakry,GNF,Guinean,Fula: 33.4%; Mandinka: 29.4%; Susu: 21.2%; Kpelle: 7.8%; Kissi: 6.2%; Loma: 1.6%; others: 0.4%,1670.0,30.09,4075,75.05,33.7,medium,2012.0,Unitary presidential republic,0.5,low,181.0,2023.0,.gn,GN,Conakry,National Council of the Transition,French,13986179.0,40.9,75.0,2024,UTC+00:00,Islam,85.2,https://en.wikipedia.org/wiki/Guinea,0.0
Guyana,214969.0,83.0,+592,Georgetown,GYD,Guyanese,Indian: 44.4%; African: 32.3%; Mixed: 20%; Indigenous: 10.5%; European: 0.3%; Chinese: 0.2%,32326.0,25.822,94258,75.294,44.6,medium,2007.0,Unitary parliamentary republic with an executive presidency,0.776,high,89.0,2023.0,.gy,GY,Georgetown,National Assembly,English,950986.0,4.25,166.0,2025,UTC-04:00,Christianity,55.5,https://en.wikipedia.org/wiki/Guyana,8.4
Haiti,27700.0,143.0,+509,Port-au-Prince,HTG,Haitian,African: 95%; other: 5%,2670.0,33.55,3040,38.2,41.0,medium,2023.0,Unitary semi-presidential republic,0.554,medium,166.0,2023.0,.ht,HT,Port-au-Prince,National Assembly (vacant),Haitian Creole French,11470261.0,417.0,83.0,2023,UTC-05:00,Christianity,87.0,https://en.wikipedia.org/wiki/Haiti,0.7
Honduras,112492.0,101.0,+504,Tegucigalpa,HNL,Honduran Catracho,Mestizo: 82.93%; White: 7.87%; Indigenous: 7.25%; Black: 1.39%; other: 0.55%,3640.0,39.45,7960,86.29,52.1,high,2018.0,Unitary presidential republic,0.645,medium,139.0,2023.0,.hn,HN,Tegucigalpa,National Congress,Spanish,9571352.0,85.0,95.0,2023,UTC-06:00,,,https://en.wikipedia.org/wiki/Honduras,0.0
Hungary,93030.0,108.0,+36,Budapest,HUF,Hungarian,Hungarian: 97.7%; Romani: 2.4%; German: 1.2%; other: 1.3%,25920.0,247.76,48160,460.38,29.0,low,2023.0,Unitary parliamentary republic,0.87,very high,46.0,2023.0,.hu,HU,Budapest,National Assembly,Hungarian,9584627.0,103.0,95.0,2024,UTC+01:00,Christianity,42.5,https://en.wikipedia.org/wiki/Hungary,3.7
Iceland,103125.0,106.0,+354,Reykjavík,ISK,Icelander Icelandic,Icelandic: 86%; Polish: 6%; Lithuanian: 1%; Filipino: 0.8%; other: 7%,90280.0,35.31,81220,31.076,23.2,low,2018.0,Unitary parliamentary republic,0.972,very high,1.0,2023.0,.is,IS,Reykjavík,Althing,Icelandic,394530.0,3.78,172.0,2025,UTC+00:00,Christianity,72.4,https://en.wikipedia.org/wiki/Iceland,2.07
India,3287263.0,7.0,+91,New Delhi,INR,Indian others,,2878.0,4187.0,12132,17647.0,25.5,low,2022.0,Federal parliamentary republic,0.685,medium,130.0,2023.0,.in,IN,,Parliament,Hindi English,1428627663.0,433.5,1.0,2023,UTC+05:30,Hinduism,79.8,https://en.wikipedia.org/wiki/India,9.6
Indonesia,1904569.0,14.0,+62,Jakarta,IDR,Indonesian,Javanese: 40.2%; Sundanese: 15.5%; Malay: 3.7%; Batak: 3.6%; Madurese: 3%; others ( 600+ ethnic groups ): 34%,5027.0,1430.0,17612,5009.0,37.9,medium,2024.0,Unitary presidential republic,0.728,high,113.0,2023.0,.id,ID,Jakarta,People's Consultative Assembly (MPR),Indonesian,288.0,143.0,4.0,2025,UTC+07:00,Islam,87.1,https://en.wikipedia.org/wiki/Indonesia,4.85
Iran,1648195.0,17.0,+98,Tehran,IRR,Iranian,,4074.0,356.513,21473,1879.0,35.9,medium,2023.0,Unitary presidential theocratic Islamic republic under an authoritarian dictatorship,0.799,high,75.0,2023.0,.ir,IR,Tehran,Islamic Consultative Assembly,Persian,92417681.0,52.0,17.0,2025,UTC+03:30,,,https://en.wikipedia.org/wiki/Iran,1.63
Iraq,438317.0,58.0,+964,Baghdad,IQD,Iraqi,"Arabs 15–: 80%; Kurds 5–: 20%; Assyrians , Turkmen , Jews , Persians , Yazidis , Mandaeans , and others: 10%",5670.0,258.02,15180,690.09,29.5,low,2012.0,Federal parliamentary republic,0.712,high,122.0,2024.0,.iq,IQ,Baghdad,Council of Representatives,Arabic Kurdish,46118793.0,82.7,34.0,2024,UTC+03:00,Islam ( official ),95.0,https://en.wikipedia.org/wiki/Iraq,4.93
Ireland,70273.0,118.0,+353,Dublin,EUR,Irish,White Irish: 76.6%; other White: 10.8%; Asian: 3.3%; Black: 1.5%; other: 1.7%; not stated: 6.2%,108920.0,598.84,134000,736.73,27.9,low,2022.0,Unitary parliamentary republic,0.949,very high,11.0,2023.0,.ie,IE,Dublin,Oireachtas,Irish English,5458600.0,76.6,119.0,2025,UTC+00:00,Christianity,75.7,https://en.wikipedia.org/wiki/Republic_of_Ireland,2.0
Israel,22072.0,148.0,+972,Jerusalem ( limited recognition ),ILS,Israeli,Jews: 71.9%; Arabs: 21%; others: 7.1%,60010.0,610.75,55770,567.55,37.9,medium,2021.0,Unitary parliamentary republic,0.919,very high,27.0,2023.0,.il,IL,Jerusalem ( limited recognition ),Knesset,Hebrew,10147200.0,462.0,93.0,2026,UTC+02:00,Judaism,73.7,https://en.wikipedia.org/wiki/Israel,2.71
Italy,301340.0,71.0,+39,Rome,EUR,Italian,,41091.0,2423.0,63076,3719.0,32.5,medium,2020.0,Unitary parliamentary republic,0.915,very high,29.0,2023.0,.it,IT,Rome,Parliament,Italian a,58915561.0,195.5,25.0,2025,UTC+01:00,Christianity,84.0,https://en.wikipedia.org/wiki/Italy,1.24
Ivory Coast,322462.0,68.0,+225,Yamoussoukro,XOF,Ivorian Ivory Coasters,Ivorian: 78%; Akan: 38%; Northern Mande: 22%; Voltaiques/Gur: 22%; Kru: 9.1%; Southern Mande: 8.6%; Naturalized Ivorian: 0.3%; non-Ivorian a: 22%,2728.0,79.43,6960,202.647,35.3,medium,2021.0,Unitary presidential republic under an authoritarian regime,0.582,medium,157.0,2023.0,.ci,CI,Abidjan,Parliament of Ivory Coast,French,31500000.0,97.7,49.0,2024,UTC+00:00,Islam,42.5,https://en.wikipedia.org/wiki/Ivory_Coast,1.4
Jamaica,10991.0,160.0,+1,Kingston,JMD,Jamaican,African: 76.3%; Mixed: 15.1%; Indian: 3.4%; White: 3.2%; Chinese: 1.2%; others: 0.8%,7487.0,20.586,12283,33.775,40.2,medium,2021.0,Unitary parliamentary constitutional monarchy,0.72,high,117.0,2023.0,.jm,JM,Kingston,Parliament,English,2824913.0,266.0,,2024,UTC-05:00,Christianity,68.9,https://en.wikipedia.org/wiki/Jamaica,1.5
Japan,377975.0,62.0,+81,Tokyo,Japanese yen ( ¥ ),Japanese,,34713.0,4230.0,54815,6758.0,32.3,medium,2020.0,Unitary parliamentary constitutional monarchy,0.925,very high,23.0,2023.0,.jp,JP,Tokyo,National Diet,Japanese,122950000.0,330.0,11.0,2026,UTC+09:00,,,https://en.wikipedia.org/wiki/Japan,1.4
Jordan,89342.0,110.0,+962,Amman,JOD,Jordanian,"Arab: 95%; Circassian , Chechen: 3%; Armenian and others: 2%",4850.0,50.022,12809,132.092,35.4,medium,2011.0,Unitary parliamentary constitutional monarchy,0.754,high,100.0,2023.0,.jo,JO,Amman,Parliament,Arabic,11484805.0,114.0,84.0,2023,UTC+03:00,Islam ( official ),95.0,https://en.wikipedia.org/wiki/Jordan,0.6
Kazakhstan,2724900.0,9.0,+7,Astana,KZT,Kazakh Kazakhstani,Kazakh: 71.3%; Russian: 14.6%; Uzbek: 3.3%; Ukrainian: 1.8%; Uyghur: 1.5%; German: 1.1%; Tatar: 1.1%; others: 5.3%,14770.0,300.54,44450,904.5,27.8,low,2018.0,Unitary presidential republic under an authoritarian government,0.837,very high,60.0,2023.0,.kz,KZ,Almaty,Parliament,Kazakh Russian,20495975.0,7.44,65.0,2026,UTC+05:00,Islam,69.3,https://en.wikipedia.org/wiki/Kazakhstan,1.7
Kenya,580367.0,48.0,+254,Nairobi,KES,Kenyan,Kikuyu: 17.13%; Luhya: 14.35%; Kalenjin: 13.37%; Luo: 10.65%; Kamba: 9.81%; Somali: 5.85%; Kisii: 5.68%; Mijikenda: 5.23%; Meru: 4.15%; others: 13.78%,2600.0,140.87,7930,430.22,38.7,medium,2021.0,Unitary presidential republic,0.628,medium,143.0,2023.0,.ke,KE,Nairobi,Parliament,Swahili English,53330978.0,82.0,28.0,2025,UTC+03:00,Christianity,85.5,https://en.wikipedia.org/wiki/Kenya,2.3
Kiribati,811.19,172.0,+686,Tarawa,AUD,I-Kiribati,Gilbertese: 95.7%; other: 4.3%,1989.0,0.248,2381,0.297,27.8,low,2019.0,Unitary parliamentary republic with an executive president,0.644,medium,140.0,2023.0,.ki,KI,,House of Assembly,English Gilbertese,119438.0,149.64,,2024,UTC+12:00,Christianity,96.2,https://en.wikipedia.org/wiki/Kiribati,0.0
Kuwait,17818.0,152.0,+965,Kuwait City,KWD,Kuwaiti,Arab: 57.8%; South Asian: 40.3%; African: 1%; other: 0.9%,29950.0,153.1,50960,260.5,,,,Unitary semi-constitutional monarchy,0.852,very high,52.0,2023.0,.kw,KW,Kuwait City,The National Assembly (suspended),Arabic,4985716.0,200.2,128.0,2025,UTC+03:00,Islam ( official ),74.6,https://en.wikipedia.org/wiki/Kuwait,0.0
Kyrgyzstan,200105.0,85.0,+996,Bishkek,KGS,Kyrgyz Kyrgyzstani,Kyrgyz: 77.8%; Uzbeks: 14.3%; Russians: 3.7%; Dungans: 1%; Tajiks: 0.9%; Others: 2.3%,3101.0,22.587,8870,64.11,26.4,low,2022.0,Unitary presidential republic,0.72,high,117.0,2023.0,.kg,KG,Bishkek,Supreme Council,Kyrgyz (state) Russian (official),7.0,37.0,107.0,2026,UTC+06:00,Islam,91.0,https://en.wikipedia.org/wiki/Kyrgyzstan,3.6
Laos,236800.0,82.0,+856,Vientiane,LAK,Laotian,Lao: 53.2%; Khmu: 11%; Hmong: 9.2%; Phu Thai: 3.4%; Tai: 3.1%; Makong: 2.5%; Katang: 2.2%; Lue: 2%; Akha: 1.8%; other: 11.6%,2100.0,16.32,10120,78.85,36.4,medium,2012.0,Unitary communist state,0.617,medium,147.0,2023.0,.la,LA,Vientiane,National Assembly,Lao,7953556.0,33.21,103.0,2024,UTC+07:00,Buddhism,66.0,https://en.wikipedia.org/wiki/Laos,2.0
Latvia,64589.0,122.0,+371,Riga,EUR,Latvian,Latvians: 65.5%; Russians: 24.1%; Belarusians: 2.9%; Ukrainians: 2.9%; Poles: 1.9%; Lithuanians: 1.1%; others: 1.6%,25630.0,47.88,44110,82.4,35.7,medium,2021.0,Unitary parliamentary republic,0.889,very high,41.0,2023.0,.lv,LV,Riga,Saeima,Latvian a,1842226.0,29.6,146.0,2022,UTC+02:00,Christianity,64.0,https://en.wikipedia.org/wiki/Latvia,2.09
Lebanon,10452.0,161.0,+961,Beirut,LBP,Lebanese,Arab: 95%; Armenian: 4%; others: 1%,3283.0,21.78,11793,78.233,31.8,medium,2011.0,Unitary parliamentary republic under confessionalism,0.752,high,102.0,2023.0,.lb,LB,Beirut,Parliament,Arabic,5364482.0,513.0,117.0,2024,UTC+02:00,Islam,53.31,https://en.wikipedia.org/wiki/Lebanon,1.8
Lesotho,30355.0,137.0,+266,Maseru,ZAR,Mosotho (singular) Basotho (plural),Basotho: 99.7%; others: 0.3%,1110.0,2.373,3234,6.915,44.9,medium,2017.0,Unitary parliamentary constitutional monarchy,0.55,medium,167.0,2023.0,.ls,LS,Maseru,Parliament,Sesotho English,2210646.0,68.1,147.0,2023,UTC+02:00,Christianity,92.1,https://en.wikipedia.org/wiki/Lesotho,0.0
Liberia,43000.0,102.0,+231,Monrovia,LRD,Liberian,,907.0,5.17,2010,11.42,35.3,medium,2016.0,Unitary presidential republic,0.51,low,177.0,2023.0,.lr,LR,Monrovia,Legislature of Liberia,English,5437249.0,92.0,120.0,2024,UTC+00:00,Christianity,85.1,https://en.wikipedia.org/wiki/Liberia,13.514
Libya,1759541.0,16.0,+218,Tripoli,LYD,Libyan,Arabs: 92%; Berbers: 5%; others: 3%,6800.0,47.48,17760,123.99,,,,Unitary republic under a provisional government ( GNU ),0.721,high,115.0,2023.0,.ly,LY,Tripoli,High Council of State House of Representatives,Arabic,7361263.0,4.2,103.0,2024,UTC+02:00,Islam ( official ),96.6,https://en.wikipedia.org/wiki/Libya,0.0
Liechtenstein,160.5,190.0,+423,Vaduz,CHF,Liechtensteiner,,207974.0,8.288,210600,7.172,,,,Unitary parliamentary semi- constitutional monarchy with elements of a direct democracy,0.938,very high,17.0,2023.0,.li,LI,,Landtag,German,41232.0,249.0,189.0,2023,UTC+01:00,Christianity,79.4,https://en.wikipedia.org/wiki/Liechtenstein,2.7
Lithuania,65300.0,121.0,+370,Vilnius,EUR,Lithuanian,Lithuanians: 82.3%; Poles: 6.2%; Russians: 5%; Ukrainians: 2.2%; Belarusians: 2.1%; others: 2.2%,32982.0,95.27,57201,165.23,35.7,medium,2023.0,Unitary semi-presidential republic,0.895,very high,39.0,2023.0,.lt,LT,Vilnius,Seimas,Lithuanian,2897430.0,46.0,137.0,2025,UTC+02:00,Christianity,79.4,https://en.wikipedia.org/wiki/Lithuania,1.98
Luxembourg,2586.4,168.0,+352,Luxembourg,EUR,Luxembourger Luxembourgish,,141079.0,96.993,154914,106.505,30.6,medium,2023.0,Unitary parliamentary constitutional monarchy,0.922,very high,25.0,2023.0,.lu,LU,Luxembourg,Chamber of Deputies,National language: Luxembourgish Administrative languages: Luxembourgish German French,690947.0,264.0,163.0,2025,,Christianity,53.0,https://en.wikipedia.org/wiki/Luxembourg,0.23
Madagascar,592796.0,46.0,+261,Antananarivo,MGA,Malagasy,Merina: 26%; Betsimisaraka: 15%; Betsileo: 12%; Tsimihety: 7%; Sakalava: 6%; Antaisaka: 5%; Antandroy: 5%; others: 24%,652.0,21.09,2110,68.11,42.6,medium,2012.0,Unitary semi-presidential republic under a transitional government,0.487,low,183.0,2023.0,.mg,MG,Antananarivo,Parliament,Malagasy French,31964956.0,55.0,49.0,2024,UTC+03:00,Christianity,84.7,https://en.wikipedia.org/wiki/Madagascar,0.9
Malawi,118484.0,98.0,+265,Lilongwe,MWK,Malawian,Chewa: 25.2%; Tumbuka: 20.4%; Lomwe: 16.4%; Yao: 15.3%; Ngoni: 6.4%; Sena: 5.9%; Mang'anja: 3.8%; Tonga: 1.8%; Ngonde: 1.5%; Lambya: 0.6%; Sukwa: 0.5%; other: 1.1%,579.0,13.176,1668,37.919,44.7,medium,2016.0,Unitary presidential republic,0.517,low,172.0,2023.0,.mw,MW,Lilongwe,National Assembly,English,21240689.0,153.1,62.0,2024,UTC+02:00,Christianity,82.3,https://en.wikipedia.org/wiki/Malawi,20.6
Malaysia,330803.0,67.0,+60,Kuala Lumpur,MYR,Malaysian,"Bumiputera: 70.5%; Malay: 57.3%; indigenous groups of Sabah , Sarawak , Orang Asli and other: 13.2%; Chinese: 22.9%; Indian: 6.6%",13901.0,470572.0,43665,1478.0,39.0,medium,2024.0,Federal parliamentary constitutional elective monarchy,0.819,very high,67.0,2023.0,.my,MY,Kuala Lumpur,Parliament,Malay,34564810.0,101.0,43.0,2024,UTC+08:00,Islam ( official ),63.5,https://en.wikipedia.org/wiki/Malaysia,0.3
Maldives,298.0,187.0,+960,Malé,MVR,Maldivian,,17287.0,6.984,34322,13.867,31.3,medium,2024.0,Unitary presidential republic,0.766,high,93.0,2023.0,.mv,MV,Malé,People's Majlis,Dhivehi,601269.0,1728.63,,2024,UTC+05:00,,,https://en.wikipedia.org/wiki/Maldives,0.0
Mali,1240192.0,23.0,+223,Bamako,XOF,Malian,Bambara: 33.3%; Fula: 13.3%; Soninke: 9.6%; Senufo / Bwa: 9.6%; Malinke: 8.8%; Dogon: 8.7%; Songhai: 5.9%; Tuareg: 3.5%; Bobo: 2.1%; other: 4.5%,936.0,23.21,2930,72.74,33.0,medium,2010.0,Unitary presidential republic under a military junta,0.419,low,188.0,2023.0,.ml,ML,Bamako,National Assembly,"13 national languages Bambara Bobo Hassaniya Arabic Bozo Dogon, Toro So Fula Kassonke Maninke Minyanka Senufo, Senara Songhay, Koyraboro Senni Soninke Tamasheq",21990607.0,11.7,61.0,2024,UTC+00:00,Islam,95.0,https://en.wikipedia.org/wiki/Mali,1.6
Malta,316.0,187.0,+356,Valletta,EUR,Maltese,Maltese: 77.7%; other ethnic groups: 22.3%,41738.0,22.737,67682,36.87,31.4,medium,2020.0,Unitary parliamentary republic,0.924,very high,24.0,2023.0,.mt,MT,,Parliament of Malta,Maltese English Maltese Sign Language,519562.0,1649.0,,2021,UTC+01:00,Christianity,88.5,https://en.wikipedia.org/wiki/Malta,0.001
Marshall Islands,181.43,189.0,+692,Majuro,United States dollar Sovereign,Marshallese,Marshallese: 95.6%; others: 4.4%,3866.0,0.22,3789,0.215,,,,Unitary parliamentary republic with an executive president,0.733,high,108.0,2023.0,.mh,MH,Majuro,Nitijela,Marshallese English,42418.0,233.0,,2021,UTC+12:00,Christianity,96.2,https://en.wikipedia.org/wiki/Marshall_Islands,0.0
Mauritania,1030000.0,28.0,+222,Nouakchott,MRU,Mauritanian,"Haratin: 40%; Beidane: 30%; Halpulaar , Fulani , Soninké , and Wolof: 30%",2480.0,11.47,8650,40.06,32.6,medium,2014.0,Unitary semi-presidential Islamic republic,0.563,medium,163.0,2023.0,.mr,MR,Nouakchott,National Assembly,Arabic,5461319.0,3.4,123.0,2026,UTC+00:00,,,https://en.wikipedia.org/wiki/Mauritania,0.0
Mauritius,2040.0,169.0,+230,Port Louis,MUR,Mauritian,Indian: 67%; Creole: 28%; Chinese: 3%; French: 2%,13099.0,16.515,33954,42.81,36.8,medium,2017.0,Unitary parliamentary republic,0.806,very high,73.0,2023.0,.mu,MU,Port Louis,National Assembly,None ( de jure ) English French ( de facto ),1235260.0,605.5,,2022,UTC+04:00,Hinduism,47.9,https://en.wikipedia.org/wiki/Mauritius,0.07
Mexico,1972550.0,13.0,+52,Mexico City,MXN,Mexican,See below,12692.0,1693.0,25463,3396.0,40.2,medium,2022.0,Federal presidential republic,0.789,high,81.0,2023.0,.mx,MX,Mexico City,Congress,Spanish,131946900.0,61.0,10.0,2025,UTC-08:00,Christianity,88.9,https://en.wikipedia.org/wiki/Mexico,1.58
Micronesia,702.0,177.0,+691,Palikir,USD,Micronesian,Chuukese: 48.8%; Pohnpeian: 24.2%; Kosraean: 6.2%; Yapese: 5.2%; Outer Yapese: 4.5%; Asian: 1.8%; Polynesian: 1.5%; other: 6.4%; unknown: 1.4%,5291.0,0.5,4768,0.451,40.1,medium,2013.0,Federal assembly-independent presidential republic under a non-partisan democracy,0.634,medium,135.0,2022.0,.fm,FM,Weno,Congress,English,75817.0,150.4,185.0,2023,UTC+10:00,Christianity,95.3,https://en.wikipedia.org/wiki/Federated_States_of_Micronesia,0.0
Moldova,33843.0,135.0,+373,Chișinău,MDL,Moldovan,Moldovans: 76.7%; Romanians: 8%; Ukrainians: 5.1%; Gagauz: 4%; Russians: 3.4%; Bulgarians: 1.6%; other: 1.1%,8984.0,21.024,20731,48.511,25.7,low,2021.0,Unitary parliamentary republic,0.785,high,86.0,2023.0,.md,MD,Chișinău,Parliament,Romanian,2381325.0,78.5,140.0,2025,UTC+02:00,Christianity,97.4,https://en.wikipedia.org/wiki/Moldova,1.4
Monaco,2.084,194.0,+377,Monaco ( city-state ),EUR,Monégasque,Monégasques French Italians Occitans,315800.0,10.434,270100,8.924,,,,Unitary parliamentary semi- constitutional monarchy,,,,,.mc,MC,,National Council,French ( Meridional ),38423.0,18446.0,190.0,2024,UTC+01:00,Christianity,86.0,https://en.wikipedia.org/wiki/Monaco,0.0
Mongolia,1564116.0,18.0,+976,Ulaanbaatar,MNT,"Mongolian , Mongol",Mongols: 95.6%; Kazakhs: 3.8%; other: 0.6%,7200.0,25.8,20450,73.28,32.7,medium,2018.0,Unitary semi-presidential republic,0.747,high,104.0,2023.0,.mn,MN,Ulaanbaatar,State Great Khural,Mongolian ( Buriat Khalkha Oirat ),3504741.0,2.24,131.0,2023,UTC+07:00,Buddhism,51.7,https://en.wikipedia.org/wiki/Mongolia,0.67
Montenegro,13883.0,156.0,+382,Podgorica,EUR,Montenegrin,Montenegrins: 41.1%; Serbs: 32.9%; Bosniaks or Muslims: 11.1%; Albanians: 5%; Russians: 2.1%; others or undeclared: 5.8%,14990.0,9.35,34410,21.48,29.4,low,2023.0,Unitary parliamentary republic,0.862,very high,48.0,2023.0,.me,ME,Podgorica,Parliament,Montenegrin,623327.0,43.6,164.0,2025,UTC+01:00,Christianity,74.9,https://en.wikipedia.org/wiki/Montenegro,3.1
Morocco,446550.0,57.0,+212,Rabat,MAD,Moroccan,See Ethnic groups,4440.0,165.84,11270,424.87,40.3,medium,2015.0,Unitary parliamentary semi-constitutional monarchy,0.71,high,120.0,2023.0,.ma,MA,Casablanca,Parliament,Arabic Tamazight,36828330.0,79.0,,2024,UTC+01:00,Islam ( official ),99.68,https://en.wikipedia.org/wiki/Morocco,0.056
Mozambique,801590.0,35.0,+258,Maputo,MZN,Mozambican,African: 99%; Mestiço: 0.8%; White: 0.1%; other: 0.1%,663.0,23.77,1730,61.95,50.4,high,2019.0,Unitary dominant-party semi-presidential republic under an authoritarian government,0.493,low,183.0,2023.0,.mz,MZ,Maputo,Assembly of the Republic,Portuguese,34881007.0,43.5,45.0,2024,UTC+02:00,Christianity,62.0,https://en.wikipedia.org/wiki/Mozambique,2.2
Myanmar,676579.0,39.0,+95,Naypyidaw,MMK,Burmese Myanmar Myanma,Bamar: 68.78%; Karen: 6.69%; Rakhine: 4.61%; Shan: 4.51%; Mon: 2.19%; Chin: 2.09%; Kachin: 1.5%; Karenni: 0.39%,1110.0,60.56,4950,273.2,30.7,medium,2017.0,Unitary assembly-independent republic under a military junta,0.609,medium,150.0,2023.0,.mm,MM,Yangon,Pyidaungsu Hluttaw,Burmese,55770232.0,217.0,26.0,2022,UTC+06:30,Buddhism ( official ),87.9,https://en.wikipedia.org/wiki/Myanmar,3.06
Namibia,825615.0,34.0,+264,Windhoek,ZAR,Namibian,Indigenous African: 93.2%; Coloured and Basters: 3.6%; White: 1.8%; Asian / other: 1.4%,4660.0,14.21,12370,37.73,59.1,high,2015.0,Unitary semi-presidential republic,0.665,medium,136.0,2023.0,.na,NA,Windhoek,Parliament,English,3022401.0,3.7,136.0,2025,UTC+02:00,Christianity,87.9,https://en.wikipedia.org/wiki/Namibia,0.0
Nauru,21.0,193.0,+674,Yaren ( de facto ),AUD,Nauruan,,14274.0,0.172,10962,0.132,,,,Unitary parliamentary republic with an executive presidency under a non-partisan democracy,0.703,high,124.0,2023.0,.nr,NR,Denigomodu,Parliament,Nauruan English,12025.0,480.0,239.0,2025,UTC+12:00,,,https://en.wikipedia.org/wiki/Nauru,0.57
Nepal,147516.0,93.0,+977,Kathmandu,NPR,Nepali Nepalese,Janajati: 35%; Magar: 6.9%; Tharu: 6.2%; Tamang: 5.6%; Newar: 4.6%; Rai: 2.2%; Gurung: 1.8%; Limbu: 1.5%; other: 5.6%; Khas Arya: 30%; Chhetri: 16.4%; Bahun: 11.2%; Thakuri: 1.7%; Madheshi: 16%; Yadav: 4.2%; Teli: 1.4%; Chamar: 1.3%; Kushwaha: 1.2%; Dalit: 14%; Kami: 5%; Damai: 1.9%; Sarki: 1.5%; Musalman: 5%,1381.0,43.673,5348,169.12,30.0,medium,2022.0,Federal parliamentary republic under an interim government,0.622,medium,145.0,2023.0,.np,NP,Kathmandu,Federal Parliament,Nepali,31122387.0,180.0,49.0,2024,UTC+05:45,Hinduism,81.0,https://en.wikipedia.org/wiki/Nepal,2.8
Netherlands,42531.0,131.0,+31,Amsterdam,AWG,Dutch,,73091.0,1326.0,87173,1581.0,,,,Devolved unitary parliamentary constitutional monarchy,,,,,.nl,NL,Amsterdam,,Dutch,18290379.0,532.0,69.0,2026,UTC+01:00,,,https://en.wikipedia.org/wiki/Kingdom_of_the_Netherlands,18.96
New Zealand,263310.0,75.0,+64,Wellington,NZD,New Zealander Kiwi (colloquial),European: 67.8%; Māori: 19.6%; Asian: 17.3%; Pacific peoples: 8.9%; ME / LA / African: 1.9%; other: 1.1%,46013.0,248.67,55450,298.93,30.0,medium,2022.0,Unitary parliamentary constitutional monarchy,0.938,very high,17.0,2023.0,.nz,NZ,Auckland,Parliament,English Māori NZ Sign Language,5344470.0,19.9,121.0,2026,UTC+12:00,no religion,51.6,https://en.wikipedia.org/wiki/New_Zealand,1.6
Nicaragua,130375.0,96.0,+505,Managua,NIO,Nicaraguan Pinolero/Pinolera (colloquial),Mestizo (mixed White and Indigenous ): 69%; White: 17%; Black: 9%; Indigenous: 5%,2673.0,17.843,8492,56.697,46.2,high,2014.0,Unitary diarchic presidential socialist republic under an authoritarian dictatorship,0.706,high,123.0,2023.0,.ni,NI,Managua,National Assembly,Spanish,6676948.0,51.0,106.0,2024,UTC-06:00,Christianity,84.4,https://en.wikipedia.org/wiki/Nicaragua,7.14
Niger,1267000.0,21.0,+227,Niamey,XOF,Nigerien,Hausa: 53.1%; Zarma and Songhay: 21.2%; Tuareg: 11%; Fulani: 6.5%; Kanuri: 5.9%; Gurma: 0.8%; Toubou: 0.4%; Arab: 0.4%; others: 0.9%,751.0,21.87,2100,61.04,32.9,medium,2021.0,Unitary semi-presidential republic under a military junta,0.419,low,188.0,2023.0,.ne,NE,Niamey,National Council for the Safeguard of the Homeland,Hausa,26342784.0,21.0,56.0,2024,UTC+01:00,Islam,99.3,https://en.wikipedia.org/wiki/Niger,0.02
Nigeria,923769.0,31.0,+234,Abuja,NGN,Nigerian,Hausa: 30%; Yoruba: 15.5%; Igbo: 15.2%; Fulani: 6%; Tiv: 2.4%; Kanuri: 2.4%; Ibibio: 1.8%; Ijaw: 1.8%; other: 24.7%,1200.0,285.003,9488,2254.0,35.1,medium,2020.0,Federal presidential republic,0.56,medium,164.0,2023.0,.ng,NG,Lagos,National Assembly,English,236747130.0,249.8,6.0,2024,UTC+01:00,Islam,53.5,https://en.wikipedia.org/wiki/Nigeria,1.4
North Korea,120538.0,98.0,+850,Pyongyang,KPW,North Korean Korean,,1261.0,32.036,600,15.416,16.6,low,2020.0,Unitary communist state,,,,,.kp,KP,Pyongyang,Supreme People's Assembly,Korean ( Munhwaŏ ),26298666.0,212.0,54.0,2024,UTC+09:00,no religion,73.0,https://en.wikipedia.org/wiki/North_Korea,0.11
North Macedonia,25436.0,145.0,+389,Skopje,MKD,Macedonian,Macedonians: 58.4%; Albanians: 24.3%; Turks: 3.9%; Roma: 2.5%; Serbs: 1.3%; Bosniaks: 0.9%; Aromanians (including Megleno-Romanians ): 0.5%; other (including undeclared and unknown): 1%; persons for whom data are taken from administrative sources: 7.2%,9882.0,17.885,29475,53.345,29.8,low,2022.0,Unitary parliamentary republic,0.815,very high,68.0,2023.0,.mk,MK,Skopje,Assembly,Macedonian Albanian,1836713.0,71.43,,2021,UTC+01:00,Christianity,60.4,https://en.wikipedia.org/wiki/North_Macedonia,1.1
Norway,385207.0,,+47,Oslo,NOK,Norwegian,Norwegian: 78.6%; non-Norwegian: 21.4%,89690.0,504.28,107890,606.59,25.3,low,2020.0,Unitary parliamentary constitutional monarchy,0.97,very high,2.0,2023.0,.no,NO,Oslo,Storting,Norwegian Sámi,5627400.0,14.6,116.0,2026,UTC+01:00,Christianity,68.5,https://en.wikipedia.org/wiki/Norway,5.32
Oman,315331.0,69.0,+968,Muscat,OMR,Omani,,18097.0,104.35,42010,231.16,30.75,medium,2018.0,Unitary Islamic absolute monarchy,0.858,very high,50.0,2023.0,.om,OM,Muscat,Council of Oman,Arabic,5494691.0,15.0,122.0,2025,UTC+04:00,Islam ( official ),95.0,https://en.wikipedia.org/wiki/Oman,0.0
Pakistan,881913.0,33.0,+92,Islamabad,PKR,Pakistani,,1710.0,410.5,6950,1670.0,29.6,low,2018.0,Federal parliamentary Islamic republic,0.544,low,168.0,2023.0,.pk,PK,Karachi,Parliament,Urdu English,241499431.0,273.8,5.0,2023,UTC+05:00,Islam ( official ),96.3,https://en.wikipedia.org/wiki/Pakistan,2.86
Palau,459.0,180.0,+680,Ngerulmud,USD,Palauan,Palauan: 65.2%; Asian: 31.6%; Carolinian: 1.2%; European: 1%; other: 0.9%,17448.0,0.322,18209,0.308,,,,Unitary presidential republic under a non-partisan democracy,0.786,high,84.0,2023.0,.pw,PW,Koror,Palau National Congress,Palauan English,17663.0,38.375,221.0,2025,UTC+09:00,Christianity,78.7,https://en.wikipedia.org/wiki/Palau,0.0
Palestine,6020.0,163.0,+970,Jerusalem ( limited recognition ) Ramallah ( de facto ),Israeli new shekel Jordanian dinar Egyptian pound,Palestinian,Palestinian Arabs: 91.2%; Israeli Jews: 8.8%,3464.0,18.109,6642,36.391,33.7,medium,2016.0,Unitary provisional semi-presidential republic,0.674,medium,133.0,2023.0,.ps,PS,"Gaza (before 2023), currently in flux",Legislative Council,Arabic,5483450.0,731.0,121.0,2023,UTC+02:00,Islam ( official ),80.73,https://en.wikipedia.org/wiki/Palestine,3.5
Panama,75417.0,116.0,+507,Panama City,USD,Panamanian,Mestizo (mixed White and Indigenous ): 65%; Indigenous: 12.3%; Black: 9.2%; Mulatto (mixed White and Black ): 6.8%; White: 6.7%,20092.0,91.731,42772,195.279,48.9,high,2023.0,Unitary presidential republic,0.839,very high,59.0,2023.0,.pa,PA,Panama City,National Assembly,Spanish,4337768.0,56.0,127.0,2022,UTC-05:00,Christianity,91.5,https://en.wikipedia.org/wiki/Panama,2.9
Papua New Guinea,462840.0,54.0,+675,Port Moresby,PGK,Papua New Guinean,,2560.0,32.84,3760,41.81,41.9,medium,2009.0,Unitary parliamentary constitutional monarchy,0.576,medium,160.0,2023.0,.pg,PG,Port Moresby,National Parliament,English Hiri Motu PNG Sign Language Tok Pisin,10185363.0,25.5,,2024,UTC+10:00,Christianity ( official ),95.5,https://en.wikipedia.org/wiki/Papua_New_Guinea,2.2
Paraguay,406752.0,59.0,+595,Asunción,PYG,Paraguayan,,7990.0,51.67,22462,145.11,44.4,medium,2023.0,Unitary presidential republic,0.756,high,99.0,2023.0,.py,PY,Asunción,Congress,Spanish Guarani,6413627.0,39.0,113.0,2025,UTC-03:00,Christianity,95.5,https://en.wikipedia.org/wiki/Paraguay,2.6
Peru,1285216.0,19.0,+51,Lima,PEN,Peruvian,Mestizo: 60.2%; Native: 25.75%; White: 5.89%; Black: 3.57%; East Asian: 0.16%; other: 1.1%; no answer: 3.32%,9260.0,318.48,18980,653.09,40.2,medium,2022.0,Unitary semi-presidential republic,0.794,high,79.0,2023.0,.pe,PE,Lima,Congress of the Republic,Spanish,34352720.0,23.0,43.0,2023,UTC-05:00,Christianity,94.5,https://en.wikipedia.org/wiki/Peru,0.41
Philippines,300000.0,72.0,+63,Manila ( de jure ) Metro Manila ( de facto ),PHP,Filipino ( neutral ) Filipina ( feminine ) Pinoy ( colloquial neutral ) Pinay ( colloquial feminine ) Philippine ( adjective for certain common nouns ),Tagalog: 26%; Bisaya: 14.3%; Ilocano: 8%; Cebuano: 8%; Ilonggo: 7.9%; Bicolano: 6.5%; other: 20.3%,4350.0,497.05,12930,1488.0,39.3,medium,2023.0,Unitary presidential republic,0.72,high,117.0,2023.0,.ph,PH,Quezon City,Congress,Filipino English,112729484.0,363.45,,2024,UTC+08:00,Christianity,85.3,https://en.wikipedia.org/wiki/Philippines,0.61
Poland,312696.0,69.0,+48,Warsaw,PLN,Polish Pole,Polish: 98.8%; only Polish: 96.3%; Polish and others: 2.6%; only non-Polish: 1.1%,28484.0,1039.0,55340,2019.0,26.3,low,2022.0,Unitary parliamentary republic,0.906,very high,35.0,2023.0,.pl,PL,Warsaw,Parliament,Polish,37893970.0,126.0,38.0,2026,UTC+01:00,Christianity,72.4,https://en.wikipedia.org/wiki/Poland,1.48
Portugal,156597.0,92.0,+351,Lisbon,EUR,Portuguese,,33972.0,364.527,51853,556.383,31.9,medium,2024.0,Unitary semi-presidential republic,0.89,very high,40.0,2023.0,.pt,PT,Lisbon,Assembly of the Republic,Portuguese,10749635.0,116.6,87.0,2024,UTC+00:00,,,https://en.wikipedia.org/wiki/Portugal,1.2
Qatar,11581.0,158.0,+974,Doha,QAR,Qatari,Arab: 49%; South Asian: 43%; Indian: 21.8%; Bangladeshi: 12.5%; Pakistani: 4.7%; Sri Lankan: 4.35%; other: 7%,71650.0,222.78,121610,378.08,35.1,medium,2017.0,Unitary authoritarian semi-constitutional monarchy,0.886,very high,43.0,2023.0,.qa,QA,Doha,Consultative Assembly,Arabic,3214609.0,264.0,134.0,2025,UTC+03:00,Islam ( official ),65.5,https://en.wikipedia.org/wiki/Qatar,0.0
Romania,238397.0,81.0,+40,Bucharest,RON,Romanian,Romanians: 89.3%; Hungarians: 6%; Roma: 3.4%; others: 1.2%,23767.0,444.807,50726,949.332,27.3,low,2025.0,Unitary semi-presidential republic,0.845,very high,55.0,2023.0,.ro,RO,Bucharest,Parliament,Romanian,19043151.0,83.0,65.0,2025,UTC+02:00,Christianity,84.7,https://en.wikipedia.org/wiki/Romania,3.0
Russia,17098246.0,,+7,Moscow,RUB,Russian,Russian: 71.7%; Tatar: 3.2%; Bashkir: 1.1%; Chechen: 1.1%; other: 11.3%; not reported: 11.6%,17446.0,2541.0,49049,7143.0,36.0,medium,2020.0,Federal semi-presidential republic under an authoritarian dictatorship,0.832,very high,64.0,2023.0,.ru,RU,Moscow,Federal Assembly,Russian,146028325.0,8.4,9.0,2025,UTC+02:00,,,https://en.wikipedia.org/wiki/Russia,13.0
Rwanda,26338.0,144.0,+250,Kigali,RWF,Rwandan Rwandese,Banyarwanda: 100%; Hutu: 85%; Tutsi: 14%; Twa: 1%,1040.0,14.789,4100,58.12,39.4,medium,2023.0,Unitary semi-presidential republic under an authoritarian dictatorship,0.578,medium,159.0,2023.0,.rw,RW,Kigali,Parliament,Kinyarwanda English French Swahili,14104969.0,578.0,76.0,2025,UTC+02:00,Christianity,93.8,https://en.wikipedia.org/wiki/Rwanda,6.3
Saint Kitts and Nevis,261.0,188.0,+1,Basseterre,XCD,Kittitian Nevisian,African: 92.5%; Mixed: 3%; European: 2.1%; Indian: 1.6%; other: 0.5%; unspecified: 0.3%,18158.0,1.0,29893,1.8,,,,Federal parliamentary constitutional monarchy,0.84,very high,58.0,2023.0,.kn,KN,Basseterre,National Assembly,English,54338.0,164.0,,2023,UTC-04:00,Christianity,94.6,https://en.wikipedia.org/wiki/Saint_Kitts_and_Nevis,0.0
Saint Lucia,617.0,178.0,+1,Castries,XCD,Saint Lucian,African: 85.3%; Mixed: 10.9%; Indian: 2.2%; other/ unspecified: 1.6%,14647.0,2.715,29258,3.769,51.2,high,2016.0,Unitary parliamentary constitutional monarchy,0.748,high,103.0,2023.0,.lc,LC,Castries,Parliament,English,184100.0,298.0,177.0,2023,UTC-04:00,Christianity,77.4,https://en.wikipedia.org/wiki/Saint_Lucia,1.6
Saint Vincent and the Grenadines,389.0,184.0,+1,Kingstown,XCD,Vincentian Grenadinian Saint Vincentian Vincy (colloquial),African: 66%; Mixed: 19%; Indian: 6%; European: 4%; Kalinago: 2%; others: 3%,9360.0,1.0,17840,2.0,,,,Unitary parliamentary constitutional monarchy,0.798,high,76.0,2023.0,.vc,VC,Kingstown,House of Assembly,English,110872.0,307.0,180.0,2022,UTC-04:00,Christianity,88.6,https://en.wikipedia.org/wiki/Saint_Vincent_and_the_Grenadines,0.0
Samoa,2831.0,167.0,+685,Apia,WST,Samoan,Samoans: 92.6%; Euronesians: 7%; Europeans: 0.3%; others: 0.1%,4420.0,0.909,5962,1.225,38.7,medium,2013.0,Unitary parliamentary republic,0.708,high,122.0,2023.0,.ws,WS,Apia,Legislative Assembly,"Samoan , English",205557.0,70.0,176.0,2021,UTC+13:00,Christianity ( official ),97.9,https://en.wikipedia.org/wiki/Samoa,0.3
San Marino,61.19,191.0,+378,City of San Marino,EUR,Sammarinese,,59405.0,2.034,86989,2.978,,,,Unitary parliamentary diarchic directorial republic,0.915,very high,29.0,2023.0,.sm,SM,,Grand and General Council,Italian,34172.0,579.0,191.0,2026,UTC+01:00,Catholicism (2022),90.3,https://en.wikipedia.org/wiki/San_Marino,0.0059
Saudi Arabia,2149690.0,12.0,+966,Riyadh,SAR,Saudi Saudi Arabian,,35230.0,1270.0,74670,2690.0,45.9,medium,2013.0,Unitary Islamic absolute monarchy,0.9,very high,37.0,2023.0,.sa,SA,Riyadh,Consultative Assembly,Arabic,33702731.0,15.0,42.0,2024,UTC+03:00,,,https://en.wikipedia.org/wiki/Saudi_Arabia,0.7
Senegal,196722.0,86.0,+221,Dakar,XOF,Senegalese,Wolof: 39.7%; Fula: 27.5%; Serer: 16%; Mandinka: 4.9%; Jola: 4.2%; Soninke: 2.4%; others: 5.4%,1811.0,34.728,5498,105.428,40.3,medium,2011.0,Unitary presidential republic,0.53,low,169.0,2023.0,.sn,SN,Dakar,National Assembly,French,18847519.0,96.0,68.0,2024,UTC+00:00,Islam,97.2,https://en.wikipedia.org/wiki/Senegal,2.1
Serbia,88499.0,111.0,+381,Belgrade,RSD,Serbian,Serbs: 80.6%; Hungarians: 2.8%; Bosniaks: 2.3%; Roma: 2%; others: 5.4%; undeclared/unknown: 6.9%,17290.0,112.11,34790,225.55,31.9,medium,2024.0,Unitary parliamentary republic,0.833,very high,62.0,2023.0,.rs,RS,Belgrade,National Assembly,Serbian,6567783.0,85.0,107.0,2025,UTC+01:00,Christianity,86.6,https://en.wikipedia.org/wiki/Serbia,0.0
Seychelles,457.0,181.0,+248,Victoria,SCR,Seychellois Seychelloise Seselwa (Creole),Seychellois Creoles: 97%; others: 3%,21940.0,2.25,43850,4.49,32.1,medium,2019.0,Unitary presidential republic,0.848,very high,54.0,2023.0,.sc,SC,Victoria,National Assembly,Seychellois Creole (national language) English French,121355.0,262.3,200.0,2024,UTC+04:00,Christianity,74.9,https://en.wikipedia.org/wiki/Seychelles,0.0
Sierra Leone,73252.0,117.0,+232,Freetown,SLE,Sierra Leonean,Temne: 35.5%; Mende: 33.2%; Limba: 6.4%; Kono: 4.4%; Fula: 3.4%; Susu: 2.9%; Loko: 2.9%; Koranko: 2.8%; Sherbro: 2.6%; Mandingo: 2.4%; Krio: 1.3%,915.0,8.39,3550,32.51,33.7,medium,2024.0,Unitary presidential republic,0.467,low,185.0,2023.0,.sl,SL,Freetown,Parliament,English,8460512.0,124.0,100.0,2023,UTC+00:00,Islam,78.0,https://en.wikipedia.org/wiki/Sierra_Leone,1.1
Singapore,744.3,176.0,+65,Singapore ( city-state ),SGD,Singaporean,Chinese: 74.3%; Malay: 13.5%; Indian: 9%; Other: 3.2%,93956.0,564.7,156755,952.6,43.3,medium,2023.0,Unitary parliamentary republic,0.946,very high,13.0,2023.0,.sg,SG,,Parliament,English Malay Mandarin Tamil,6110200.0,8290.0,111.0,2025,UTC+08:00,Buddhism,31.1,https://en.wikipedia.org/wiki/Singapore,1.43
Slovakia,49035.0,127.0,+421,Bratislava,EUR,Slovak,Slovaks: 88.6%; Hungarians: 8.2%; Romani: 1.3%; others: 1.9%,28180.0,152.48,47440,256.71,21.2,low,2022.0,Unitary parliamentary republic,0.88,very high,44.0,2023.0,.sk,SK,Bratislava,National Council,Slovak,5413813.0,110.0,120.0,2025,UTC+01:00,Christianity,68.8,https://en.wikipedia.org/wiki/Slovakia,0.72
Slovenia,20272.0,150.0,+386,Ljubljana,EUR,Slovene Slovenian,,37178.0,79222.0,57716,122985.0,23.4,low,2023.0,Unitary parliamentary republic,0.931,very high,21.0,2023.0,.si,SI,Ljubljana,Parliament,Slovene,2130850.0,103.0,145.0,2023,UTC+01:00,Christianity,77.9,https://en.wikipedia.org/wiki/Slovenia,0.7
Solomon Islands,28896.0,139.0,+677,Honiara,SBD,Solomon Islander Solomonese,Melanesian: 95.3%; Polynesian: 3.1%; Micronesian: 1.2%; others: 0.4%,220525.0,1.681,220525,1.68,37.1,medium,2013.0,Unitary parliamentary constitutional monarchy,0.584,medium,156.0,2023.0,.sb,SB,Honiara,National Parliament,English,828857.0,24.2,167.0,2025,UTC+11:00,Christianity,97.4,https://en.wikipedia.org/wiki/Solomon_Islands,3.2
Somalia,637657.0,43.0,+252,Mogadishu,SOS,Somali,Somali: 85%; other: 15%,766.0,12.99,1920,32.5,35.2,medium,2022.0,Federal parliamentary republic,0.404,low,192.0,2023.0,.so,SO,Mogadishu,Federal Parliament,Somali,19280850.0,27.2,66.0,2025,UTC+03:00,,,https://en.wikipedia.org/wiki/Somalia,0.0
South Africa,1221037.0,24.0,+27,Pretoria (executive) Cape Town (legislative) Bloemfontein (judicial),ZAR,South African,Black: 81.4%; Coloured: 8.2%; White: 7.3%; Indian or Asian: 2.7%; other: 0.4%,6830.0,443.64,16280,1060.0,63.0,very high,2023.0,Unitary parliamentary republic with an executive presidency,0.741,high,106.0,2023.0,.za,ZA,Johannesburg,Parliament,12 languages Afrikaans English Ndebele Sepedi Sesotho Setswana South African Sign Language Swazi Tshivenda Xhosa Xitsonga Zulu Languages with special status Khoe languages Nama Khoisan languages German Greek Gujarati Hindi Portuguese Telugu Tamil Urdu Arabic Hebrew Sanskrit,63015904.0,50.8,23.0,2024,UTC+02:00,Christianity,85.3,https://en.wikipedia.org/wiki/South_Africa,0.38
South Korea,100363.0,107.0,+82,Seoul,KRW,South Korean Korean,Korean: 94.8%; other: 5.2%,35962.0,1859.0,65080,3363.0,33.3,medium,2021.0,Unitary presidential republic,0.937,very high,20.0,2023.0,.kr,KR,Seoul,National Assembly,Korean Korean Sign Language,52081799.0,507.0,29.0,2024,UTC+09:00,No religion,51.0,https://en.wikipedia.org/wiki/South_Korea,0.3
South Sudan,644329.0,41.0,+211,Juba,SSP,South Sudanese,,313.0,4.98,953,15.16,44.1,medium,2016.0,Federal presidential republic,0.388,low,193.0,2023.0,.ss,SS,Juba,Transitional National Legislature,English,12703714.0,19.0,80.0,2024,UTC+02:00,Christianity,60.5,https://en.wikipedia.org/wiki/South_Sudan,0.0
Spain,506030.0,50.0,+34,Madrid,EUR,Spaniard Spanish,,38040.0,1891.0,56888,2829.0,31.2,medium,2024.0,Unitary parliamentary constitutional monarchy,0.918,very high,28.0,2023.0,.es,ES,Madrid,Cortes Generales,Spanish,49570725.0,98.0,31.0,2026,UTC+00:00,Roman Catholicism,58.6,https://en.wikipedia.org/wiki/Spain,0.89
Sri Lanka,67240.0,120.0,+94,Sri Jayawardenepura Kotte (legislative) Colombo (executive and judicial),LKR,Sri Lankan,Sinhalese: 74.1%; Sri Lankan Tamils: 12.3%; Sri Lankan Moors: 10.5%; Indian Tamils: 2.8%; other: 0.3%,4516.0,98.9,15632,342.6,39.8,medium,2023.0,Unitary semi-presidential republic,0.776,high,89.0,2023.0,.lk,LK,Colombo,Parliament,,23300000.0,337.7,60.0,2026,UTC+05:30,Buddhism ( official ),69.8,https://en.wikipedia.org/wiki/Sri_Lanka,4.4
Sudan,1886068.0,15.0,+249,Khartoum,SDG,Sudanese,Sudanese Arab: 70%; Beja: 5.9%; Nuba: 2.5%; Fur: 2%; Egyptian: 2%; Nubian: 1.3%; others: 16.3%,624.0,31.51,2034,117.77,34.2,medium,2014.0,Federal republic under a military junta,0.511,low,176.0,2023.0,.sd,SD,Khartoum,Transitional Legislative Authority,Arabic English,51767437.0,21.3,30.0,2025,UTC+02:00,Sunni Islam,97.0,https://en.wikipedia.org/wiki/Sudan,0.0
Suriname,165940.0,90.0,+597,Paramaribo,SRD,Surinamese,Asian Surinamese: 42.6%; Hindustani: 27.4%; Javanese: 13.7%; Chinese: 1.5%; Afro-Surinamese: 37.4%; Maroon: 21.7%; Creole: 15.7%; Multiracial: 13.4%; Indigenous: 3.8%; European: 0.3%,6858.0,4.506,22439,14.743,,,,Unitary assembly-independent presidential republic,0.722,high,114.0,2023.0,.sr,SR,Paramaribo,National Assembly,Dutch,632638.0,3.9,170.0,2022,UTC-03:00,Christianity 26.75 Protestantism,48.4,https://en.wikipedia.org/wiki/Suriname,1.1
Sweden,450295.0,55.0,+46,Stockholm,SEK,Swedish Swede,,58100.0,620.3,74900,799.68,27.6,low,2022.0,Unitary parliamentary constitutional monarchy,0.959,very high,5.0,2023.0,.se,SE,Stockholm,Riksdag,Swedish,10610485.0,25.0,90.0,2025,UTC+01:00,,,https://en.wikipedia.org/wiki/Sweden,8.97
Switzerland,41291.0,132.0,+41,Bern ( de facto ),CHF,English: Swiss German: Schweizer/Schweizerin French: Suisse/Suissesse Italian : svizzero/svizzera or elvetico/elvetica Romansh : Svizzer/Svizra,,111047.0,1003.0,97660,881.083,31.5,medium,2023.0,Federal assembly-independent directorial republic,0.97,very high,2.0,2023.0,.ch,CH,Zurich,Federal Assembly,French / Italian / Romansh,9060598.0,207.0,99.0,2025,UTC+01:00,Christianity,54.7,https://en.wikipedia.org/wiki/Switzerland,4.0
Syria,185180.0,87.0,+963,Damascus,Syrian pound ( SYP/LS ),Syrian,Arabs 9–: 90%; Kurds 1–: 10%; others: 10%,800.0,9.8,3300,50.28,26.6,low,2022.0,Unitary presidential republic under a provisional government,,,,,.sy,SY,Damascus,People's Assembly,Arabic,26019711.0,118.3,56.0,2025,UTC+03:00,Islam,94.17,https://en.wikipedia.org/wiki/Syria,1.1
São Tomé and Príncipe,964.0,171.0,+239,São Tomé,STN,São Toméan Santomean,,3167.0,0.751,4238,1.0,40.7,medium,2017.0,Unitary semi-presidential republic,0.637,medium,141.0,2023.0,.st,ST,São Tomé,National Assembly,Portuguese,220372.0,199.7,175.0,2023,UTC+00:00,Christianity,81.1,https://en.wikipedia.org/wiki/S%C3%A3o_Tom%C3%A9_and_Pr%C3%ADncipe,0.0
Tajikistan,143100.0,94.0,+992,Dushanbe,TJS,Tajikistani Tajik,Tajiks: 86.1%; Uzbeks: 11.3%; Kyrgyz: 0.4%; Russians: 0.3%; other: 1.9%,1799.0,18.94,6434,67.75,34.0,medium,2015.0,Unitary presidential republic under an authoritarian dictatorship,0.691,medium,128.0,2023.0,.tj,TJ,Dushanbe,Supreme Assembly,Tajik Russian,10786734.0,75.4,,2025,UTC+05:00,Islam,97.5,https://en.wikipedia.org/wiki/Tajikistan,1.8
Tanzania,947303.0,30.0,+255,Dodoma,TZS,Tanzanian,,1280.0,88.98,4370,293.59,40.5,medium,2017.0,Unitary dominant-party presidential republic,0.555,medium,165.0,2023.0,.tz,TZ,Dar es Salaam,National Assembly,Swahili English,67462121.0,65.2,22.0,2024,UTC+03:00,Christianity,63.1,https://en.wikipedia.org/wiki/Tanzania,6.4
Thailand,513120.0,50.0,+66,Bangkok,THB,Thai,Thai: 80%; Central Thai: 37%; Isan: 25%; Northern Thai: 8%; Southern Thai: 8%; Western Thai: 2%; Thai Chinese: 12%; Northern Khmer: 4%; Thai Malays: 4%,7942.0,558.573,26358,1853.0,33.5,medium,2023.0,Unitary parliamentary constitutional monarchy,0.798,high,76.0,2023.0,.th,TH,Bangkok,National Assembly,Thai,65975198.0,132.1,22.0,2024,UTC+07:00,Buddhism,93.46,https://en.wikipedia.org/wiki/Thailand,0.4
Timor-Leste,15007.0,154.0,+670,Dili,USD,East Timorese Timorese Maubere (informal),,1490.0,2.12,4920,6.97,28.7,low,2014.0,Unitary semi-presidential republic,0.634,medium,142.0,2023.0,.tl,TL,Dili,National Parliament,Portuguese Tetum,1354662.0,94.0,153.0,2023,UTC+09:00,Christianity,99.53,https://en.wikipedia.org/wiki/Timor-Leste,0.0
Togo,56785.0,123.0,+228,Lomé,XOF,Togolese,") Aja , Ewe and Mina (: 94.4%; ) Kabye and Tem (: 42.4%; ) Akan and Gurma (: 25.9%; ) Kposo and Akebu (: 17.1%; ) Ana-Ife (: 4.1%; ) Other West African groups (: 3.2%; ) non-African (: 1.7%; ): 5.6%",1050.0,10.02,3470,33.05,43.1,medium,2015.0,Unitary parliamentary republic,0.571,medium,161.0,2023.0,.tg,TG,Lomé,Parliament,French,9583381.0,125.9,101.0,2024,UTC+00:00,Christianity,50.0,https://en.wikipedia.org/wiki/Togo,4.2
Tonga,748.0,175.0,+676,Nukuʻalofa,TOP,Tongan,Tongan: 96.5%; others: 3.5%,4888.0,0.493,6496,0.655,27.1,low,2021.0,Unitary parliamentary semi-constitutional monarchy,0.739,high,98.0,2022.0,.to,TO,Nukuʻalofa,Legislative Assembly,Tongan English,100209.0,139.0,199.0,2021,UTC+13:00,Christianity —,96.9,https://en.wikipedia.org/wiki/Tonga,4.0
Trinidad and Tobago,5131.0,164.0,+1,Port of Spain,TTD,Trinidadians and Tobagonians Trini or Trinbagonian (colloquial),Indian: 35.4%; African: 34.2%; Mixed: 22.8%; other: 1.3%; unspecified: 6.2%,19621.0,27.887,30718,43.658,39.0,medium,2012.0,Unitary parliamentary republic,0.807,very high,72.0,2023.0,.tt,TT,Chaguanas,Parliament,English,1512779.0,294.0,154.0,2025,UTC-04:00,Christianity,55.2,https://en.wikipedia.org/wiki/Trinidad_and_Tobago,0.0
Tunisia,163610.0,91.0,+216,Tunis,TND,Tunisian,Arabs: 98%; Berbers: 1%; Jews and others: 1%,4530.0,56.29,14780,183.73,33.7,medium,2021.0,Unitary presidential republic,0.746,high,105.0,2023.0,.tn,TN,Tunis,Parliament,Arabic,11972169.0,79.0,,2024,UTC+01:00,Sunni Islam,99.0,https://en.wikipedia.org/wiki/Tunisia,5.04
Turkey,783562.0,36.0,+90,Ankara,TRY,Turkish Turk,,18200.0,1570.0,43790,3770.0,44.5,medium,2022.0,Unitary presidential republic,0.853,very high,51.0,2023.0,.tr,TR,Istanbul,Grand National Assembly,Turkish,86092168.0,112.0,18.0,2025,UTC+03:00,,,https://en.wikipedia.org/wiki/Turkey,2.03
Turkmenistan,491210.0,52.0,+993,Ashgabat,TMT,Turkmenistani Turkmen,Turkmens: 86.7%; Uzbeks: 9.1%; Russians: 1.6%; Baloch: 1.2%; others: 1.3%,13334.0,89.05,27887,186.11,40.8,medium,1998.0,Unitary presidential republic under a totalitarian hereditary dictatorship,0.764,high,95.0,2023.0,.tm,TM,Ashgabat,Assembly,Turkmen,7057841.0,14.4,105.0,2022,UTC+05:00,Islam,95.8,https://en.wikipedia.org/wiki/Turkmenistan,4.9
Tuvalu,26.26,192.0,+688,Funafuti,AUD,Tuvaluan,Tuvaluans: 96%; others: 4%,6113.0,0.063,6076,0.069,39.0,medium,2022.0,Unitary parliamentary constitutional monarchy,0.689,medium,129.0,2023.0,.tv,TV,Funafuti,Parliament,Tuvaluan English,10643.0,423.0,194.0,2022,UTC+12:00,Christianity,96.0,https://en.wikipedia.org/wiki/Tuvalu,0.0
Uganda,241038.0,79.0,+256,Kampala,UGX,Ugandan,Baganda: 15.3%; Banyankole: 9.1%; Basoga: 8.1%; Bakiga: 6.4%; Iteso: 6.8%; Langi: 5.9%; Bagisu: 4.5%; Acholi: 4.2%; Lugbara: 2.6%; others: 37.1%,1340.0,64.28,3900,187.11,42.0,medium,2016.0,Unitary presidential republic under a dictatorship,0.582,medium,157.0,2023.0,.ug,UG,Kampala,Parliament,English Swahili,,157.1,,2024,UTC+03:00,Christianity,81.7,https://en.wikipedia.org/wiki/Uganda,15.39
Ukraine,603628.0,45.0,+380,Kyiv,UAH,Ukrainian,Ukrainians: 78%; Russians: 17%; other: 4.9%,6261.0,205.742,20999,690.059,25.6,low,2020.0,Unitary semi-presidential republic,0.779,high,87.0,2023.0,.ua,UA,Kyiv,Verkhovna Rada,Ukrainian,32862000.0,54.4,46.0,2025,UTC+02:00,Christianity,87.3,https://en.wikipedia.org/wiki/Ukraine,3.8
United Arab Emirates,83600.0,114.0,+971,Abu Dhabi,AED,Emirati,South Asian: 59.4%; Indian: 38.2%; Bangladeshi: 9.5%; Pakistani: 9.4%; other: 12.4%; Emirati Arab: 12%; Egyptian: 10.2%; Filipino: 6.1%,49550.0,548.6,81680,905.23,26.0,low,2018.0,Federal semi-presidential elective semi-constitutional monarchy,0.94,very high,15.0,2023.0,.ae,AE,Dubai,Federal Supreme Council,Arabic,11027129.0,132.0,,2024,UTC+04:00,Islam ( official ),74.5,https://en.wikipedia.org/wiki/United_Arab_Emirates,0.0
United Kingdom,244376.0,78.0,+44,London,GBP,British Briton Brit (colloquial),White: 83%; Asian: 8.6%; Black: 3.7%; Mixed: 2.7%; other: 2%,56661.0,3959.0,63759,4455.0,35.4,medium,2021.0,Unitary parliamentary constitutional monarchy,0.946,very high,13.0,2023.0,.uk,GB,London,Parliament,English,69281437.0,285.0,20.0,2024,UTC+00:00,Christianity,46.5,https://en.wikipedia.org/wiki/United_Kingdom,0.0
United States,3796742.0,3.0,+1,"Washington, D.C.",USD,American,White: 61.6%; Black: 12.4%; Asian: 6%; Native American: 1.1%; Pacific Islander: 0.2%; two or more races: 10.2%; other By origin:: 8.4%; non- Hispanic or Latino: 81.3%; Hispanic or Latino: 18.7%,89599.0,30616.0,89599,30616.0,41.8,medium,2024.0,Federal presidential republic,0.938,very high,17.0,2023.0,.com,US,New York City,Congress,English,341784857.0,96.8,,2025,UTC-04:00,Christianity,65.0,https://en.wikipedia.org/wiki/United_States,7.0
Uruguay,176215.0,89.0,+598,Montevideo,UYU,Uruguayan,White: 86%; Black: 10.4%; Indigenous: 6.3%; East Asian: 0.7%; other: 6.3%,23088.0,82.605,36014,107.946,40.6,medium,2022.0,Unitary presidential republic,0.862,very high,48.0,2023.0,.uy,UY,Montevideo,General Assembly,Spanish Uruguayan Sign Language,3499451.0,19.5,132.0,2023,UTC-03:00,,,https://en.wikipedia.org/wiki/Uruguay,1.5
Uzbekistan,448978.0,55.0,+998,Tashkent,UZS,Uzbek • Uzbek,Uzbeks: 84.6%; Tajiks: 4.8%; Kazakhs: 2.3%; Karakalpaks: 2.2%; Russians: 2.1%; others: 4%,3945.0,140.48,12596,507.8,31.2,medium,2022.0,Unitary semi-presidential republic,0.74,high,107.0,2023.0,.uz,UZ,Tashkent,Oliy Majlis,Uzbek,38236704.0,80.2,38.0,2026,UTC+05:00,Islam,94.78,https://en.wikipedia.org/wiki/Uzbekistan,4.9
Vanuatu,12189.0,157.0,+678,Port Vila,VUV,Ni-Vanuatu (or rarely: Vanuatuan ),Ni-Vanuatu: 98.5%; others: 1.5%,3188.0,1.064,3001,1.002,32.3,medium,2019.0,Unitary parliamentary republic,0.621,medium,146.0,2023.0,.vu,VU,Port Vila,Parliament,Bislama English French,335908.0,27.6,182.0,2023,UTC+11:00,Christianity,93.4,https://en.wikipedia.org/wiki/Vanuatu,0.0
Vatican City,0.49,195.0,+379,Vatican City ( city-state ),EUR,None ( de jure ) Vatican ( de facto ),,,,1945022,14859970.0,,,,Theocratic elective absolute monarchy,,,,,.va,VA,,Pontifical Commission,Italian,882.0,1800.0,237.0,2024,UTC+01:00,,,https://en.wikipedia.org/wiki/Vatican_City,0.0
Venezuela,916445.0,32.0,+58,Caracas,VED,Venezuelan,Moreno: 51.6%; White: 43.6%; Black: 3.6%; other: 1.2%,3100.0,82.77,8790,234.34,44.8,medium,2013.0,Federal presidential republic under an authoritarian dictatorship,0.709,high,121.0,2023.0,.ve,VE,Caracas,National Assembly,Spanish,31800000.0,32.0,53.0,2025,UTC-04:00,Christianity,92.6,https://en.wikipedia.org/wiki/Venezuela,3.2
Vietnam,331344.82,66.0,+84,Hanoi,VND,Vietnamese Viet (colloquial),Kinh Vietnamese: 85.32%; other: 14.68%,4806.0,490.97,17484,1786.0,36.1,medium,2022.0,Unitary communist state,0.766,high,93.0,2023.0,.vn,VN,,National Assembly,Vietnamese,102300000.0,309.0,16.0,2025,UTC+07:00,no religion / folk,86.32,https://en.wikipedia.org/wiki/Vietnam,6.38
Yemen,455503.0,54.0,+967,Sanaa,YER,Yemeni Yemenite,Arabs: 92.8%; Somalis: 3.7%; Afro-Arabs: 1.1%; Indo - Pakistani: 1%; other: 1.4%,416.0,17.4,1670,69.96,36.7,medium,2014.0,Unitary semi-presidential republic under a provisional government,0.47,low,184.0,2023.0,.ye,YE,Sanaa,Parliament,Arabic,32684503.0,71.8,48.0,2023,UTC+03:00,Islam ( official ),99.1,https://en.wikipedia.org/wiki/Yemen,0.0
Zambia,752617.0,38.0,+260,Lusaka,ZMW,Zambian,Bemba: 19%; Tonga: 13.6%; Tumbuka: 7.5%; Chewa: 6%; Lozi: 5.7%; Nsenga: 5.3%; Ngoni: 3%; Lala: 3.1%; Kaonde: 3.9%; Namwanga: 2.8%; Lunda (Northern): 2.6%; Mambwe: 2.5%; Luvale: 2.2%; Lamba: 2.4%; Ushi: 1.9%; Bisa: 1.6%; Lenje: 1.6%; Mbunda: 1.2%; Lunda (Luapula): 0.9%; Senga: 0.9%; Ila: 0.8%; Lungu: 0.8%; Tabwa: 0.7%; Soli: 0.7%; Kunda: 0.7%; Ngumbo: 0.6%; Chishinga: 0.5%; Chokwe: 0.5%; Nkoya: 0.5%; other ethnics: 5.4%; major racial: 0.8%; unclassified: 0.4%,1435.0,29.536,4068,83.687,51.5,high,2022.0,Unitary presidential republic,0.595,medium,154.0,2023.0,.zm,ZM,Lusaka,National Assembly of Zambia,English,20216029.0,17.2,64.0,2023,UTC+02:00,Christianity ( official ),95.5,https://en.wikipedia.org/wiki/Zambia,1.0
Zimbabwe,390757.0,60.0,+263,Harare,ZAR,Zimbabwean Zimbo (colloquial),Black African: 99.6%; European: 0.2%; Coloured: 0.1%; other: 0.1%,3070.0,53.31,5410,93.87,45.5,medium,2019.0,Unitary presidential republic,0.598,medium,153.0,2023.0,.zw,ZW,Harare,Parliament,16 languages : Chewa Chibarwe English Kalanga Khoisan Nambya Ndau Ndebele Shangani Shona Sotho Tonga Tswana Venda Xhosa Zimbabwean sign language,17166852.0,45.0,74.0,2026,UTC+02:00,Christianity,84.1,https://en.wikipedia.org/wiki/Zimbabwe,1.0
